lemma	past_tense	verb_type
まわる	まわった	1																							
うる	うった	1																							
くださる	くださった	1																							
あおる	あおった	1																							
なさる	なさった	1																							
ならぶ	ならんだ	1																							
しのぶ	しのんだ	1																							
きりむすぶ	きりむすんだ	1																							
およぶ	およんだ	1																							
とりむすぶ	とりむすんだ	1																							
とりはこぶ	とりはこんだ	1																							
さけぶ	さけんだ	1																							
ふきすさぶ	ふきすさんだ	1																							
ふきとぶ	ふきとんだ	1																							
よぶ	よんだ	1																							
よろこぶ	よろこんだ	1																							
たえしのぶ	たえしのんだ	1																							
まなぶ	まなんだ	1																							
ねころぶ	ねころんだ	1																							
いならぶ	いならんだ	1																							
もてあそぶ	もてあそんだ	1																							
はじけとぶ	はじけとんだ	1																							
おもいおよぶ	おもいおよんだ	1																							
おもいうかぶ	おもいうかんだ	1																							
もちはこぶ	もちはこんだ	1																							
なきさけぶ	なきさけんだ	1																							
うかぶ	うかんだ	1																							
けしとぶ	けしとんだ	1																							
ほろぶ	ほろんだ	1																							
たちならぶ	たちならんだ	1																							
すっとぶ	すっとんだ	1																							
むすぶ	むすんだ	1																							
ほころぶ	ほころんだ	1																							
ききおよぶ	ききおよんだ	1																							
いいおよぶ	いいおよんだ	1																							
ときおよぶ	ときおよんだ	1																							
すっころぶ	すっころんだ	1																							
ころぶ	ころんだ	1																							
あそぶ	あそんだ	1																							
はこぶ	はこんだ	1																							
えらぶ	えらんだ	1																							
ぶっとぶ	ぶっとんだ	1																							
とぶ	とんだ	1																							
のりつぐ	のりついだ	1																							
あおぐ	あおいだ	1																							
かつぐ	かついだ	1																							
なぐ	ないだ	1																							
こそぐ	こそいだ	1																							
そぐ	そいだ	1																							
とりひしぐ	とりひしいだ	1																							
うけつぐ	うけついだ	1																							
やわらぐ	やわらいだ	1																							
あえぐ	あえいだ	1																							
かぐ	かいだ	1																							
ふさぐ	ふさいだ	1																							
うりいそぐ	うりいそいだ	1																							
やすらぐ	やすらいだ	1																							
たいらぐ	たいらいだ	1																							
ひきつぐ	ひきついだ	1																							
いそぐ	いそいだ	1																							
うちひしぐ	うちひしいだ	1																							
ひしぐ	ひしいだ	1																							
ふりあおぐ	ふりあおいだ	1																							
ゆらぐ	ゆらいだ	1																							
そそぐ	そそいだ	1																							
およぐ	およいだ	1																							
こぐ	こいだ	1																							
すすぐ	すすいだ	1																							
かしぐ	かしいだ	1																							
はしゃぐ	はしゃいだ	1																							
いきいそぐ	いきいそいだ	1																							
まじろぐ	まじろいだ	1																							
はぐ	はいだ	1																							
とぐ	といだ	1																							
かせぐ	かせいだ	1																							
たちさわぐ	たちさわいだ	1																							
つむぐ	つむいだ	1																							
つぐ	ついだ	1																							
ぬぐ	ぬいだ	1																							
わかやぐ	わかやいだ	1																							
うすらぐ	うすらいだ	1																							
いいつぐ	いいついだ	1																							
かたりつぐ	かたりついだ	1																							
みつぐ	みついだ	1																							
またぐ	またいだ	1																							
みじろぐ	みじろいだ	1																							
ふせぐ	ふせいだ	1																							
ふりそそぐ	ふりそそいだ	1																							
くいつなぐ	くいつないだ	1																							
さわぐ	さわいだ	1																							
せめぐ	せめいだ	1																							
ひさぐ	ひさいだ	1																							
こころゆく	こころゆいた	1																							
おちゆく	おちゆいた	1																							
すぎゆく	すぎゆいた	1																							
うわむく	うわむいた	1																							
したむく	したみいた	1																							
ことかく	ことかいた	1																							
ほのめく	ほのめいた	1																							
つく	ついた	1																							
まとわりつく	まとわりついた	1																							
しがみつく	しがみついた	1																							
じゃらつく	じゃらついた	1																							
くっつく	くっついた	1																							
あおむく	あおむいた	1																							
のしあるく	のしあるいた	1																							
につく	についた	1																							
すみつく	すみついた	1																							
うつむく	うつむいた	1																							
かしずく	かしずいた	1																							
かしづく	かしづいた	1																							
きずつく	きずついた	1																							
かたむく	かたむいた	1																							
はたらく	はたらいた	1																							
いきづく	いきづいた	1																							
ひかりかがやく	ひかりかがやいた	1																							
しみつく	しみついた	1																							
こごえつく	こごえついた	1																							
こおりつく	こおりついた	1																							
きりぬく	きりぬいた	1																							
きりかく	きりかいた	1																							
きりさく	きりさいた	1																							
きりひらく	きりひらいた	1																							
はだく	はだいた	1																							
むく	むいた	1																							
わりびく	わりびいた	1																							
つんざく	つんざいた	1																							
ちからづく	ちからづいた	1																							
たすく	たすいた	1																							
うごく	うごいた	1																							
いきおいづく	いきおいづいた	1																							
とりつく	とりついた	1																							
とりまく	とりまいた	1																							
とりさばく	とりさばいた	1																							
とりのぞく	とりのぞいた	1																							
くどく	くどいた	1																							
たたく	たたいた	1																							
ほえつく	ほえついた	1																							
すいつく	すいついた	1																							
ふく	ふいた	1																							
ふきぬく	ふきぬいた	1																							
ふぶく	ふぶいた	1																							
つぶやく	つぶやいた	1																							
うめく	うめいた	1																							
せく	せいた	1																							
しわぶく	しわぶいた	1																							
むせびなく	むせびないた	1																							
つはく	つはいた	1																							
わめく	わめいた	1																							
なげく	なげいた	1																							
えずく	えずいた	1																							
うそぶく	うそぶいた	1																							
いななく	いなないた	1																							
かみつく	かみついた	1																							
かみしだく	かみしだいた	1																							
ささやく	ささやいた	1																							
もとづく	もとづいた	1																							
うりたたく	うりたたいた	1																							
うりさばく	うりさばいた	1																							
うりあるく	うりあるいた	1																							
あだめく	あだめいた	1																							
よりつく	よりついた	1																							
ねつく	ねついた	1																							
ことぶく	ことぶいた	1																							
いぬく	いぬいた	1																							
みちびく	みちびいた	1																							
こづく	こづいた	1																							
いつく	いついた	1																							
とどく	とどいた	1																							
めぐりあるく	めぐりあるいた	1																							
さしひく	さしひいた	1																							
さしまねく	さしまねいた	1																							
さしおく	さしおいた	1																							
さしのぞく	さしのぞいた	1																							
さしひびく	さしひびいた	1																							
まきつく	まきついた	1																							
まく	まいた	1																							
ひく	ひいた	1																							
ひっつく	ひっついた	1																							
ひっぱたく	ひっぱたいた	1																							
ひきぬく	ひきぬいた	1																							
ひっこぬく	ひっこぬいた	1																							
ひきつづく	ひきつづいた	1																							
ひきさく	ひきさいた	1																							
はりつく	はりついた	1																							
はじく	はじいた	1																							
うろつく	うろついた	1																							
こころつく	こころついた	1																							
しのびなく	しのびないた	1																							
おじけづく	おじけづいた	1																							
おもいつく	おもいついた	1																							
おそれおののく	おそれおののいた	1																							
いぶく	いぶいた	1																							
いきまく	いきまいた	1																							
かんづく	かんづいた	1																							
なつく	なついた	1																							
わななく	わなないた	1																							
おののく	おののいた	1																							
てまねく	てまねいた	1																							
うちぬく	うちぬいた	1																							
うちかく	うちかいた	1																							
うちくだく	うちくだいた	1																							
しごく	しごいた	1																							
ぬく	ぬいた	1																							
すっぱぬく	すっぱぬいた	1																							
くりぬく	くりぬいた	1																							
いだく	いだいた	1																							
だきつく	だきついた	1																							
おしいただく	おしいただいた	1																							
まねく	まねいた	1																							
こまねく	こまねいた	1																							
もちあるく	もちあるいた	1																							
くじく	くじいた	1																							
ふりむく	ふりむいた	1																							
ふりまく	ふりまいた	1																							
ふりほどく	ふりほどいた	1																							
はく	はいた	1																							
さばく	さばいた	1																							
すえおく	すえおいた	1																							
ほりぬく	ほりぬいた	1																							
おく	おいた	1																							
かく	かいた	1																							
かきくどく	かきくどいた	1																							
かきいだく	かきいだいた	1																							
かっさばく	かっさばいた	1																							
もみしだく	もみしだいた	1																							
えがく	えがいた	1																							
ゆれうごく	ゆれうごいた	1																							
ゆらめく	ゆらめいた	1																							
ばらまく	ばらまいた	1																							
すりむく	すりむいた	1																							
もどく	もどいた	1																							
こく	こいた	1																							
ちりしく	ちりしいた	1																							
ときめく	ときめいた	1																							
あばく	あばいた	1																							
かきぬく	かきぬいた	1																							
ありつく	ありついた	1																							
そめぬく	そめぬいた	1																							
ねづく	ねづいた	1																							
たなびく	たなびいた	1																							
たてつく	たてついた	1																							
あざむく	あざむいた	1																							
しょうきづく	しょうきづいた	1																							
ほっつきあるく	ほっつきあるいた	1																							
あるく	あるいた	1																							
ことさらめく	ことさらめいた	1																							
どくづく	どくづいた	1																							
きづく	きづいた	1																							
みづつく	みづついた	1																							
わく	わいた	1																							
なきつく	なきついた	1																							
なく	ないた	1																							
なきわめく	なきわめいた	1																							
すすりなく	すすりないた	1																							
ながれあるく	ながれあるいた	1																							
ながれつく	ながれついた	1																							
うく	ういた	1																							
うかつく	うかついた	1																							
うかれあるく	うかれあるいた	1																							
かわく	かわいた	1																							
わたりあるく	わたりあるいた	1																							
うずまく	うずまいた	1																							
ゆがく	ゆがいた	1																							
ゆびく	ゆびいた	1																							
すく	すいた	1																							
もれきく	もれきいた	1																							
かずく	かずいた	1																							
やく	やいた	1																							
こげつく	こげついた	1																							
やけつく	やけついた	1																							
やきつく	やきついた	1																							
きらめく	きらめいた	1																							
もえつく	もえついた	1																							
つまびく	つまびいた	1																							
かたづく	かたづいた	1																							
ひしめく	ひしめいた	1																							
うまれつく	うまれついた	1																							
いきぬく	いきぬいた	1																							
さんけづく	さんけづいた	1																							
いなかめく	いなかめいた	1																							
とめおく	とめおいた	1																							
うろぬく	うろぬいた	1																							
うずく	うずいた	1																							
やみつく	やみついた	1																							
はぶく	はぶいた	1																							
たどりつく	たどりついた	1																							
またたく	またたいた	1																							
くだく	くだいた	1																							
やぶく	やぶいた	1																							
みがく	みがいた	1																							
あきめく	あきめいた	1																							
あく	あいた	1																							
そらうそぶく	そらうそぶいた	1																							
どづく	どづいた	1																							
どつく	どついた	1																							
つきぬく	つきぬいた	1																							
つきくだく	つきくだいた	1																							
つっつく	つっついた	1																							
たちはたらく	たちはたらいた	1																							
たちきく	たちきいた	1																							
たちのく	たちのいた	1																							
きずく	きずいた	1																							
ねばつく	ねばついた	1																							
ねばりつく	ねばりついた	1																							
ひもとく	ひもといた	1																							
くみつく	くみついた	1																							
くみしく	くみしいた	1																							
いわく	いわいた	1																							
むすびつく	むすびついた	1																							
からみつく	からみついた	1																							
つづく	つづいた	1																							
ねりあるく	ねりあるいた	1																							
えんづく	えんづいた	1																							
すがりつく	すがりついた	1																							
しまく	しまいた	1																							
はばたく	はばたいた	1																							
かんがえつく	かんがえついた	1																							
きく	きいた	1																							
ききおく	ききおいた	1																							
にくづく	にくづいた	1																							
そむく	そむいた	1																							
うすづく	うすづいた	1																							
いろめく	いろめいた	1																							
いろけづく	いろけづいた	1																							
めぶく	めぶいた	1																							
いらつく	いらついた	1																							
おちつく	おちついた	1																							
たく	たいた	1																							
もがく	もがいた	1																							
うごめく	うごめいた	1																							
いきとどく	いきとどいた	1																							
いきつく	いきついた	1																							
さく	さいた	1																							
みむく	みむいた	1																							
みぬく	みぬいた	1																							
みえすく	みえすいた	1																							
みひらく	みひらいた	1																							
のぞく	のぞいた	1																							
とく	といた	1																							
いいおく	いいおいた	1																							
よみとく	よみといた	1																							
つらぬく	つらぬいた	1																							
せつく	せついた	1																							
かいたたく	かいたたいた	1																							
おもむく	おもむいた	1																							
あがく	あがいた	1																							
ひざまずく	ひざまずいた	1																							
ふみしだく	ふみしだいた	1																							
ふみぬく	ふみぬいた	1																							
よろめく	よろめいた	1																							
けつまずく	けつまずいた	1																							
つまずく	つまずいた	1																							
かがやく	かがやいた	1																							
とどめく	とどめいた	1																							
とどろく	とどろいた	1																							
ほめく	ほめいた	1																							
ちかづく	ちかづいた	1																							
かえりざく	かえりざいた	1																							
おいつく	おいついた	1																							
おっつく	おっついた	1																							
おいぬく	おいぬいた	1																							
しぞく	しぞいた	1																							
そく	そいた	1																							
しりぞく	しりぞいた	1																							
どく	どいた	1																							
のく	のいた	1																							
さかまく	さかまいた	1																							
あそびあるく	あそびあるいた	1																							
とおのく	とおのいた	1																							
さびつく	さびついた	1																							
ながびく	ながびいた	1																							
ひらめく	ひらめいた	1																							
ひらく	ひらいた	1																							
まびく	まびいた	1																							
ふるいつく	ふるいついた	1																							
なびく	なびいた	1																							
ひびく	ひびいた	1																							
いただく	いただいた	1																							
うなずく	うなずいた	1																							
とびつく	とびついた	1																							
とびあるく	とびあるいた	1																							
とびのく	とびのいた	1																							
くいつく	くいついた	1																							
くらいつく	くらいついた	1																							
たべあるく	たべあるいた	1																							
のみあるく	のみあるいた	1																							
ぞめく	ぞめいた	1																							
おどろく	おどろいた	1																							
なりひびく	なりひびいた	1																							
あがりこむ	あがりこんだ	1																							
まるめこむ	まるめこんだ	1																							
のりくむ	のりくんだ	1																							
のりこむ	のりこんだ	1																							
つるむ	つるんだ	1																							
しくむ	しくんだ	1																							
しこむ	しこんだ	1																							
つけこむ	つけこんだ	1																							
やすむ	やすんだ	1																							
のびなやむ	のびなやんだ	1																							
たたずむ	たたずんだ	1																							
すみこむ	すみこんだ	1																							
かだむ	かだんだ	1																							
つかいこむ	つかいこんだ	1																							
しんじこむ	しんじこんだ	1																							
そばむ	そばんだ	1																							
ひがむ	ひがんだ	1																							
はかなむ	はかなんだ	1																							
いりくむ	いりくんだ	1																							
いれこむ	いれこんだ	1																							
はいりこむ	はいりこんだ	1																							
ひえこむ	ひえこんだ	1																							
すごむ	すごんだ	1																							
へこむ	へこんだ	1																							
だしおしむ	だしおしんだ	1																							
きりきざむ	きりきざんだ	1																							
きりくむ	きりくんだ	1																							
きりさいなむ	きりさいなんだ	1																							
きりこむ	きりこんだ	1																							
かりこむ	かりこんだ	1																							
すりこむ	すりこんだ	1																							
きざむ	きざんだ	1																							
きざみこむ	きざみこんだ	1																							
はさむ	はさんだ	1																							
わりこむ	わりこんだ	1																							
はげむ	はげんだ	1																							
いさむ	いさんだ	1																							
かちすすむ	かちすすんだ	1																							
いきおいこむ	いきおいこんだ	1																							
いそしむ	いそしんだ	1																							
つつむ	つつんだ	1																							
つつみこむ	つつみこんだ	1																							
いやしむ	いやしんだ	1																							
あやぶむ	あやぶんだ	1																							
とりかこむ	とりかこんだ	1																							
とりくむ	とりくんだ	1																							
とりこむ	とりこんだ	1																							
くちずさむ	くちずさんだ	1																							
たたきこむ	たたきこんだ	1																							
いなむ	いなんだ	1																							
ふくむ	ふくんだ	1																							
はにか​む	はにか​んだ	1																							
すいこむ	すいこんだ	1																							
ふきすさむ	ふきすさんだ	1																							
ふきこむ	ふきこんだ	1																							
よびこむ	よびこんだ	1																							
なごむ	なごんだ	1																							
あわれむ	あわれんだ	1																							
ついばむ	ついばんだ	1																							
よろこびいさむ	よろこびいさんだ	1																							
いとなむ	いとなんだ	1																							
なげきかなしむ	なげきかなしんだ	1																							
かむ	かんだ	1																							
つぐむ	つぐんだ	1																							
まわりこむ	まわりこんだ	1																							
ちなむ	ちなんだ	1																							
かこむ	かこんだ	1																							
かこいこむ	かこいこんだ	1																							
たれこむ	たれこんだ	1																							
うめこむ	うめこんだ	1																							
ぬりこむ	ぬりこんだ	1																							
うりおしむ	うりおしんだ	1																							
うりこむ	うりこんだ	1																							
このむ	このんだ	1																							
はらむ	はらんだ	1																							
とむ	とんだ	1																							
さしこむ	さしこんだ	1																							
こすむ	こすんだ	1																							
かさむ	かさんだ	1																							
さしはさむ	さしはさんだ	1																							
まきこむ	まきこんだ	1																							
すわりこむ	すわりこんだ	1																							
ひっつかむ	ひっつかんだ	1																							
ひきこむ	ひきこんだ	1																							
たゆむ	たゆんだ	1																							
たるむ	たるんだ	1																							
ゆるむ	ゆるんだ	1																							
はりこむ	はりこんだ	1																							
はずむ	はずんだ	1																							
あてこむ	あてこんだ	1																							
まちあぐむ	まちあぐんだ	1																							
まちのぞむ	まちのぞんだ	1																							
まどろむ	まどろんだ	1																							
ほほえむ	ほほえんだ	1																							
いむ	いんだ	1																							
しのびこむ	しのびこんだ	1																							
どなりこむ	どなりこんだ	1																							
おもいなやむ	おもいなやんだ	1																							
おもいこむ	おもいこんだ	1																							
せきこむ	せきこんだ	1																							
あやしむ	あやしんだ	1																							
ひるむ	ひるんだ	1																							
いきむ	いきんだ	1																							
くやむ	くやんだ	1																							
なやむ	なやんだ	1																							
かなしむ	かなしんだ	1																							
かじかむ	かじかんだ	1																							
いたむ	いたんだ	1																							
ほれこむ	ほれこんだ	1																							
おしむ	おしんだ	1																							
うつくしむ	うつくしんだ	1																							
いとおしむ	いとおしんだ	1																							
いつくしむ	いつくしんだ	1																							
つつしむ	つつしんだ	1																							
なれしたしむ	なれしたしんだ	1																							
なぐさむ	なぐさんだ	1																							
にくむ	にくんだ	1																							
うらむ	うらんだ	1																							
なつかしむ	なつかしんだ	1																							
うちしずむ	うちしずんだ	1																							
うちこむ	うちこんだ	1																							
はらいこむ	はらいこんだ	1																							
おさえこむ	おさえこんだ	1																							
なげこむ	なげこんだ	1																							
おりたたむ	おりたたんだ	1																							
おりこむ	おりこんだ	1																							
だきこむ	だきこんだ	1																							
かかえこむ	かかえこんだ	1																							
おしつつむ	おしつつんだ	1																							
おしこむ	おしこんだ	1																							
かつぎこむ	かつぎこんだ	1																							
こばむ	こばんだ	1																							
おがむ	おがんだ	1																							
もちこむ	もちこんだ	1																							
いどむ	いどんだ	1																							
はさみこむ	はさみこんだ	1																							
ふりこむ	ふりこんだ	1																							
ねじこむ	ねじこんだ	1																							
ほりこむ	ほりこんだ	1																							
つかむ	つかんだ	1																							
かいつまむ	かいつまんだ	1																							
かいこむ	かいこんだ	1																							
もむ	もんだ	1																							
もみこむ	もみこんだ	1																							
にぎりこむ	にぎりこんだ	1																							
つむ	つんだ	1																							
つまむ	つまんだ	1																							
たおむ	たおんだ	1																							
たわむ	たわんだ	1																							
とおむ	とおんだ	1																							
せめこむ	せめこんだ	1																							
ほうりこむ	ほうりこんだ	1																							
おしえこむ	おしえこんだ	1																							
かぞえこむ	かぞえこんだ	1																							
くれなずむ	くれなずんだ	1																							
かきこむ	かきこんだ	1																							
のぞむ	のぞんだ	1																							
しみこむ	しみこんだ	1																							
うえこむ	うえこんだ	1																							
たのしむ	たのしんだ	1																							
とどむ	とどんだ	1																							
やむ	やんだ	1																							
あゆむ	あゆんだ	1																							
いがむ	いがんだ	1																							
ひずむ	ひずんだ	1																							
ゆがむ	ゆがんだ	1																							
なぐりこむ	なぐりこんだ	1																							
くみこむ	くみこんだ	1																							
きめこむ	きめこんだ	1																							
しずむ	しずんだ	1																							
しずみこむ	しずみこんだ	1																							
とまりこむ	とまりこんだ	1																							
なきしずむ	なきしずんだ	1																							
なずむ	なずんだ	1																							
ぬかるむ	ぬかるんだ	1																							
そそぎこむ	そそぎこんだ	1																							
しゃれこむ	しゃれこんだ	1																							
ながしこむ	ながしこんだ	1																							
なみだぐむ	なみだぐんだ	1																							
すずむ	すずんだ	1																							
よどむ	よどんだ	1																							
すむ	すんだ	1																							
あたたむ	あたたんだ	1																							
ぬくむ	ぬくんだ	1																							
ぬるむ	ぬるんだ	1																							
ためこむ	ためこんだ	1																							
とけこむ	とけこんだ	1																							
すべりこむ	すべりこんだ	1																							
ぬめりこむ	ぬめりこんだ	1																							
にじむ	にじんだ	1																							
ひそむ	ひそんだ	1																							
もぐりこむ	もぐりこんだ	1																							
うるむ	うるんだ	1																							
とろむ	とろんだ	1																							
たきこむ	たきこんだ	1																							
てりこむ	てりこんだ	1																							
にこむ	にこんだ	1																							
うむ	うんだ	1																							
いけこむ	いけこんだ	1																							
もうしこむ	もうしこんだ	1																							
たたむ	たたんだ	1																							
たたみこむ	たたみこんだ	1																							
うとむ	うとんだ	1																							
しらむ	しらんだ	1																							
ぬすむ	ぬすんだ	1																							
もりこむ	もりこんだ	1																							
もくろむ	もくろんだ	1																							
ねむりこむ	ねむりこんだ	1																							
くらむ	くらんだ	1																							
きこむ	きこんだ	1																							
むつむ	むつんだ	1																							
にらむ	にらんだ	1																							
まつりこむ	まつりこんだ	1																							
うつりすむ	うつりすんだ	1																							
つみこむ	つみこんだ	1																							
つっこむ	つっこんだ	1																							
つきすすむ	つきすすんだ	1																							
すぼむ	すぼんだ	1																							
つぼむ	つぼんだ	1																							
くぼむ	くぼんだ	1																							
たちすくむ	たちすくんだ	1																							
たてこむ	たてこんだ	1																							
すくむ	すくんだ	1																							
ほくそえむ	ほくそえんだ	1																							
えむ	えんだ	1																							
まぎれこむ	まぎれこんだ	1																							
くむ	くんだ	1																							
しぼりこむ	しぼりこんだ	1																							
からむ	からんだ	1																							
しめこむ	しめこんだ	1																							
あむ	あんだ	1																							
あみこむ	あみこんだ	1																							
ねりこむ	ねりこんだ	1																							
ぬいこむ	ぬいこんだ	1																							
ちぢむ	ちぢんだ	1																							
ちぢかむ	ちぢかんだ	1																							
くりこむ	くりこんだ	1																							
うらやむ	うらやんだ	1																							
おいこむ	おいこんだ	1																							
かんがえこむ	かんがえこんだ	1																							
ききこむ	ききこんだ	1																							
はぐくむ	はぐくんだ	1																							
はごくむ	はごくんだ	1																							
ふくらむ	ふくらんだ	1																							
まいこむ	まいこんだ	1																							
めぐむ	めぐんだ	1																							
さいなむ	さいなんだ	1																							
くるしむ	くるしんだ	1																							
しぼむ	しぼんだ	1																							
おちくぼむ	おちくぼんだ	1																							
おとしこむ	おとしこんだ	1																							
おちこむ	おちこんだ	1																							
さげすむ	さげすんだ	1																							
むしばむ	むしばんだ	1																							
ゆきなやむ	ゆきなやんだ	1																							
みこむ	みこんだ	1																							
のぞきこむ	のぞきこんだ	1																							
したしむ	したしんだ	1																							
ふれこむ	ふれこんだ	1																							
よむ	よんだ	1																							
いぶかしむ	いぶかしんだ	1																							
よみこむ	よみこんだ	1																							
こころむ	こころんだ	1																							
つめこむ	つめこんだ	1																							
はなしこむ	はなしこんだ	1																							
さそいこむ	さそいこんだ	1																							
だんじこむ	だんじこんだ	1																							
せめさいなむ	せめさいなんだ	1																							
あかむ	あかんだ	1																							
あからむ	あからんだ	1																							
はしりこむ	はしりこんだ	1																							
ふむ	ふんだ	1																							
ふみこむ	ふみこんだ	1																							
しゃがむ	しゃがんだ	1																							
けこむ	けこんだ	1																							
おどりこむ	おどりこんだ	1																							
きしむ	きしんだ	1																							
ころがりこむ	ころがりこんだ	1																							
ころげこむ	ころげこんだ	1																							
のめりこむ	のめりこんだ	1																							
こむ	こんだ	1																							
おくりこむ	おくりこんだ	1																							
にげこむ	にげこんだ	1																							
つれこむ	つれこんだ	1																							
すすむ	すすんだ	1																							
はこびこむ	はこびこんだ	1																							
はかりこむ	はかりこんだ	1																							
つりこむ	つりこんだ	1																							
いこむ	いこんだ	1																							
はばむ	はばんだ	1																							
ふりやむ	ふりやんだ	1																							
かすむ	かすんだ	1																							
たのむ	たのんだ	1																							
たのみこむ	たのみこんだ	1																							
とびこむ	とびこんだ	1																							
はむ	はんだ	1																							
くらいこむ	くらいこんだ	1																							
くいこむ	くいこんだ	1																							
のむ	のんだ	1																							
のみこむ	のみこんだ	1																							
なじむ	なじんだ	1																							
かけこむ	かけこんだ	1																							
だましこむ	だましこんだ	1																							
きばむ	きばんだ	1																							
くろずむ	くろずんだ	1																							
だまりこむ	だまりこんだ	1																							
はなじろむ	はなじろんだ	1																							
ひしぬ	ひしんだ	1																							
いぬ	いんだ	1																							
しぬ	しんだ	1																							
ある	あった	1																							
のぼる	のぼった	1																							
あがる	あがった	1																							
うわまわる	うわまわった	1																							
うわずる	うわずった	1																							
ぶらさがる	ぶらさがった	1																							
くりさがる	くりさがった	1																							
さがる	さがった	1																							
したまわる	したまわった	1																							
しもがかる	しもがかった	1																							
さげしぶる	さげしぶった	1																							
げすばる	げすばった	1																							
まずる	まずった	1																							
あずかる	あずかった	1																							
よたる	よたった	1																							
まるまる	まるまった	1																							
のっとる	のっとった	1																							
のりかかる	のりかかった	1																							
のりうつる	のりうつった	1																							
じこる	じこった	1																							
ことたる	ことたった	1																							
まじわる	まじわった	1																							
しあがる	しあがった	1																							
しかかる	しかかった	1																							
つけまわる	つけまわった	1																							
おおせつかる	おおせつかった	1																							
のけぞる	のけぞった	1																							
こる	こった	1																							
つたわる	つたわった	1																							
のびあがる	のびあがった	1																							
よる	よった	1																							
ひくまる	ひくまった	1																							
ふる	ふった	1																							
あまる	あまった	1																							
つくる	つくった	1																							
くしけずる	くしけずった	1																							
おさまる	おさまった	1																							
たおれかかる	たおれかかった	1																							
かたよる	かたよった	1																							
いつわる	いつわった	1																							
そなわる	そなわった	1																							
もうかる	もうかった	1																							
ひかる	ひかった	1																							
いりかわる	いりかわった	1																							
いりびたる	いりびたった	1																							
うつる	うつった	1																							
うつしとる	うつしとった	1																							
こおる	こおった	1																							
くぼまる	くぼまった	1																							
でしゃばる	でしゃばった	1																							
でまわる	でまわった	1																							
でっぱる	でっぱった	1																							
でばる	でばった	1																							
できあがる	できあがった	1																							
でさかる	でさかった	1																							
わかる	わかった	1																							
おとなぶる	おとなぶった	1																							
ぶんどる	ぶんどった	1																							
きれあがる	きれあがった	1																							
きりわる	きりわった	1																							
きりとる	きりとった	1																							
きりかわる	きりかわった	1																							
せっぱつまる	せっぱつまった	1																							
かりとる	かりとった	1																							
すりあがる	すりあがった	1																							
ささる	ささった	1																							
けずる	けずった	1																							
へずる	へずった	1																							
わる	わった	1																							
わりふる	わりふった	1																							
くわわる	くわわった	1																							
おとる	おとった	1																							
たすかる	たすかった	1																							
わきあがる	わきあがった	1																							
いたわる	いたわった	1																							
うごきまわる	うごきまわった	1																							
かんぐる	かんぐった	1																							
かちあがる	かちあがった	1																							
まさる	まさった	1																							
かちとる	かちとった	1																							
かちのこる	かちのこった	1																							
かちほこる	かちほこった	1																							
つのる	つのった	1																							
つとまる	つとまった	1																							
もったいぶる	もったいぶった	1																							
くるまる	くるまった	1																							
さる	さった	1																							
そる	そった	1																							
はぎとる	はぎとった	1																							
とりすがる	とりすがった	1																							
とりさる	とりさった	1																							
とりかかる	とりかかった	1																							
とりちらかる	とりちらかった	1																							
とりしまる	とりしまった	1																							
うかる	うかった	1																							
うけとる	うけとった	1																							
くごもる	くごもった	1																							
たたきわる	たたきわった	1																							
めしあがる	めしあがった	1																							
めしとる	めしとった	1																							
しかる	しかった	1																							
つかさどる	つかさどった	1																							
どもる	どもった	1																							
あわさる	あわさった	1																							
つりさがる	つりさがった	1																							
なのる	なのった	1																							
むきなおる	むきなおった	1																							
すいとる	すいとった	1																							
ふきつのる	ふきつのった	1																							
のる	のった	1																							
さきのこる	さきのこった	1																							
さきほこる	さきほこった	1																							
そそのかる	そそのかった	1																							
うなる	うなった	1																							
よがる	よがった	1																							
かぎとる	かぎとった	1																							
かぎまわる	かぎまわった	1																							
はいまわる	はいまわった	1																							
こまる	こまった	1																							
はかる	はかった	1																							
かたまる	かたまった	1																							
たれさがる	たれさがった	1																							
うまる	うまった	1																							
たまる	たまった	1																							
ふさがる	ふさがった	1																							
うれのこる	うれのこった	1																							
ふとる	ふとった	1																							
たてまつる	たてまつった	1																							
おごる	おごった	1																							
おくまる	おくまった	1																							
うばいさる	うばいさった	1																							
うばいとる	うばいとった	1																							
はじまる	はじまった	1																							
いばりくさる	いばりくさった	1																							
いばる	いばった	1																							
めとる	めとった	1																							
なぶる	なぶった	1																							
まなびとる	まなびとった	1																							
まもる	まもった	1																							
さだまる	さだまった	1																							
みのる	みのった	1																							
やどる	やどった	1																							
よりすがる	よりすがった	1																							
よりあつまる	よりあつまった	1																							
さむがる	さむがった	1																							
ねころがる	ねころがった	1																							
ねしずまる	ねしずまった	1																							
とがる	とがった	1																							
いすわる	いすわった	1																							
いのこる	いのこった	1																							
いなおる	いなおった	1																							
いねむる	いねむった	1																							
くぐまる	くぐまった	1																							
ほふる	ほふった	1																							
はまる	はまった	1																							
かさばる	かさばった	1																							
めぐる	めぐった	1																							
さしのぼる	さしのぼった	1																							
さしあたる	さしあたった	1																							
さしかかる	さしかかった	1																							
さしせまる	さしせまった	1																							
さしさわる	さしさわった	1																							
まきあがる	まきあがった	1																							
まきとる	まきとった	1																							
まきおこる	まきおこった	1																							
ひあがる	ひあがった	1																							
としとる	としとった	1																							
としよる	としよった	1																							
ひろまる	ひろまった	1																							
たびかさなる	たびかさなった	1																							
すわる	すわった	1																							
すたる	すたった	1																							
ひきさがる	ひきさがった	1																							
ひきずる	ひきずった	1																							
ひきさる	ひきさった	1																							
ひきとる	ひきとった	1																							
ひっぱる	ひっぱった	1																							
ひきやぶる	ひきやぶった	1																							
ひきうつる	ひきうつった	1																							
ひきしぼる	ひきしぼった	1																							
ひきしまる	ひきしまった	1																							
ひっかぶる	ひっかぶった	1																							
いやまさる	いやまさった	1																							
よわる	よわった	1																							
よわまる	よわまった	1																							
はる	はった	1																							
つよまる	つよまった	1																							
こわばる	こわばった	1																							
ねだる	ねだった	1																							
もがる	もがった	1																							
ぶちあたる	ぶちあたった	1																							
あたる	あたった	1																							
かたちづくる	かたちづくった	1																							
いろどる	いろどった	1																							
ほる	ほった	1																							
あとずさる	あとずさった	1																							
しのびよる	しのびよった	1																							
わすれさる	わすれさった	1																							
どなる	どなった	1																							
おもいあがる	おもいあがった	1																							
おもいあまる	おもいあまった	1																							
おもいやる	おもいやった	1																							
おもいよる	おもいよった	1																							
おもいあたる	おもいあたった	1																							
おもいいたる	おもいいたった	1																							
おこたる	おこたった	1																							
いきばる	いきばった	1																							
いきづまる	いきづまった	1																							
もとる	もとった	1																							
さとる	さとった	1																							
かんじとる	かんじとった	1																							
かんきわまる	かんきわまった	1																							
したいよる	したいよった	1																							
おもんぱかる	おもんぱかった	1																							
はばかる	はばかった	1																							
いきどおる	いきどおった	1																							
むずかる	むずかった	1																							
むつかる	むつかった	1																							
かけへだたる	かけへだたった	1																							
なりあがる	なりあがった	1																							
なりさがる	なりさがった	1																							
なりかわる	なりかわった	1																							
なる	なった	1																							
なりかかる	なりかかった	1																							
もどる	もどった	1																							
たぐる	たぐった	1																							
てまどる	てまどった	1																							
うちあがる	うちあがった	1																							
うちわる	うちわった	1																							
うちふる	うちふった	1																							
うちかかる	うちかかった	1																							
うちやぶる	うちやぶった	1																							
うちやる	うちやった	1																							
うけたまわる	うけたまわった	1																							
えぐる	えぐった	1																							
へしおる	へしおった	1																							
おる	おった	1																							
おれまがる	おれまがった	1																							
おりかさなる	おりかさなった	1																							
ぬかる	ぬかった	1																							
ぬきさる	ぬきさった	1																							
ぬきとる	ぬきとった	1																							
おしやる	おしやった	1																							
おしやぶる	おしやぶった	1																							
おっかぶさる	おっかぶさった	1																							
おしつまる	おしつまった	1																							
おしせまる	おしせまった	1																							
おしとおる	おしとおった	1																							
おしだまる	おしだまった	1																							
こだわる	こだわった	1																							
くぐる	くぐった	1																							
ぬぐいさる	ぬぐいさった	1																							
ふきとる	ふきとった	1																							
ぬぐいとる	ぬぐいとった	1																							
もちあがる	もちあがった	1																							
もちさる	もちさった	1																							
もちまわる	もちまわった	1																							
もちよる	もちよった	1																							
こぞる	こぞった	1																							
はさまる	はさまった	1																							
ふりかぶる	ふりかぶった	1																							
ふりまわる	ふりまわった	1																							
ふりしぼる	ふりしぼった	1																							
とっつかまる	とっつかまった	1																							
とる	とった	1																							
つかまる	つかまった	1																							
はかどる	はかどった	1																							
すてさる	すてさった	1																							
さずかる	さずかった	1																							
もたれかかる	もたれかかった	1																							
かすめとる	かすめとった	1																							
さぐる	さぐった	1																							
さぐりまわる	さぐりまわった	1																							
おしはかる	おしはかった	1																							
つかみかかる	つかみかかった	1																							
つかみとる	つかみとった	1																							
かきくもる	かきくもった	1																							
ゆさぶる	ゆさぶった	1																							
ゆる	ゆった	1																							
たずさわる	たずさわった	1																							
しぼりとる	しぼりとった	1																							
つまみとる	つまみとった	1																							
つみとる	つみとった	1																							
しおる	しおった	1																							
しなる	しなった	1																							
しわる	しわった	1																							
あやつる	あやつった	1																							
すりよる	すりよった	1																							
くすぐる	くすぐった	1																							
こそぐる	こそぐった	1																							
あらたまる	あらたまった	1																							
はなる	はなった	1																							
はふる	はふった	1																							
おそわる	おそわった	1																							
ちらかる	ちらかった	1																							
ちりのこる	ちりのこった	1																							
きりかかる	きりかかった	1																							
たちわる	たちわった	1																							
ことわる	ことわった	1																							
ひよる	ひよった	1																							
はやまる	はやまった	1																							
あけのこる	あけのこった	1																							
あけわたる	あけわたった	1																							
ひまどる	ひまどった	1																							
くれのこる	くれのこった	1																							
あばれまわる	あばれまわった	1																							
くもる	くもった	1																							
まがる	まがった	1																							
かきとる	かきとった	1																							
かきつづる	かきつづった	1																							
かきあやまる	かきあやまった	1																							
かわる	かわった	1																							
ありあまる	ありあまった	1																							
ありがたがる	ありがたがった	1																							
そまる	そまった	1																							
うわる	うわった	1																							
きわまる	きわまった	1																							
よこたわる	よこたわった	1																							
よくばる	よくばった	1																							
とまる	とまった	1																							
あるきまわる	あるきまわった	1																							
あゆみよる	あゆみよった	1																							
しにかかる	しにかかった	1																							
のこる	のこった	1																							
ぶんなぐる	ぶんなぐった	1																							
なぐる	なぐった	1																							
きどる	きどった	1																							
けどる	けどった	1																							
きばる	きばった	1																							
くみとる	くみとった	1																							
きまる	きまった	1																							
わきおこる	わきおこった	1																							
なおる	なおった	1																							
およぎまわる	およぎまわった	1																							
あらいさる	あらいさった	1																							
ながれよる	ながれよった	1																							
はやる	はやった	1																							
うかびあがる	うかびあがった	1																							
うきあがる	うきあがった	1																							
ひたる	ひたった	1																							
つかる	つかった	1																							
きえさる	きえさった	1																							
きえのこる	きえのこった	1																							
ふかまる	ふかまった	1																							
きよまる	きよまった	1																							
しぶる	しぶった	1																							
わたる	わたった	1																							
ぬくもる	ぬくもった	1																							
あたたまる	あたたまった	1																							
とどこおる	とどこおった	1																							
したたる	したたった	1																							
あさる	あさった	1																							
いさる	いさった	1																							
すなどる	すなどった	1																							
にごる	にごった	1																							
とぼる	とぼった	1																							
ともる	ともった	1																							
たきあがる	たきあがった	1																							
あぶる	あぶった	1																							
なくなる	なくなった	1																							
むねんがる	むねんがった	1																							
やけのこる	やけのこった	1																							
けぶる	けぶった	1																							
けむる	けむった	1																							
けむたがる	けむたがった	1																							
につまる	につまった	1																							
もえあがる	もえあがった	1																							
もえひろがる	もえひろがった	1																							
もえさかる	もえさかった	1																							
いぶる	いぶった	1																							
くゆる	くゆった	1																							
つまぐる	つまぐった	1																							
ものがたる	ものがたった	1																							
せばまる	せばまった	1																							
いかる	いかった	1																							
うまれかわる	うまれかわった	1																							
はえかわる	はえかわった	1																							
いけどる	いけどった	1																							
いきのこる	いきのこった	1																							
かしこまる	かしこまった	1																							
ことなる	ことなった	1																							
いたがる	いたがった	1																							
よじのぼる	よじのぼった	1																							
ぬすみとる	ぬすみとった	1																							
もりあがる	もりあがった	1																							
もりさがる	もりさがった	1																							
さかる	さかった	1																							
もる	もった	1																							
めっかる	めっかった	1																							
あいなる	あいなった	1																							
あいことなる	あいことなった	1																							
みとる	みとった	1																							
ねむる	ねむった	1																							
きかざる	きかざった	1																							
つぶる	つぶった	1																							
つむる	つむった	1																							
まばる	まばった	1																							
ぶちやぶる	ぶちやぶった	1																							
やぶる	やぶった	1																							
いのる	いのった	1																							
たたる	たたった	1																							
まつる	まつった	1																							
うつりかわる	うつりかわった	1																							
つもる	つもった	1																							
つみかさなる	つみかさなった	1																							
ほじくる	ほじくった	1																							
つきささる	つきささった	1																							
つきやぶる	つきやぶった	1																							
つきとおる	つきとおった	1																							
すぼまる	すぼまった	1																							
たちのぼる	たちのぼった	1																							
たちあがる	たちあがった	1																							
たてこもる	たてこもった	1																							
たちはだかる	たちはだかった	1																							
たちまさる	たちまさった	1																							
たちさる	たちさった	1																							
たちまわる	たちまわった	1																							
たちよる	たちよった	1																							
たちもどる	たちもどった	1																							
たちかわる	たちかわった	1																							
たちどまる	たちどまった	1																							
たちなおる	たちなおった	1																							
たちいたる	たちいたった	1																							
はしょる	はしょった	1																							
すじばる	すじばった	1																							
こもる	こもった	1																							
いきがる	いきがった	1																							
ねばる	ねばった	1																							
やせほそる	やせほそった	1																							
ほそる	ほそった	1																							
おわる	おわった	1																							
くみあがる	くみあがった	1																							
へあがる	へあがった	1																							
へめぐる	へめぐった	1																							
しぼる	しぼった	1																							
しまる	しまった	1																							
からまる	からまった	1																							
からめとる	からめとった	1																							
えどる	えどった	1																							
つづる	つづった	1																							
しめくくる	しめくくった	1																							
ゆるまる	ゆるまった	1																							
ふちどる	ふちどった	1																							
すが​る	すが​った	1																							
ふんじばる	ふんじばった	1																							
しばる	しばった	1																							
ぬいとる	ぬいとった	1																							
ちじまる	ちじまった	1																							
ちぢこまる	ちぢこまった	1																							
つながる	つながった	1																							
くりあがる	くりあがった	1																							
まつわる	まつわった	1																							
おきかわる	おきかわった	1																							
かかる	かかった	1																							
むらがる	むらがった	1																							
ききとる	ききとった	1																							
あやかる	あやかった	1																							
こえふとる	こえふとった	1																							
むねおどる	むねおどった	1																							
やにさがる	やにさがった	1																							
おどしとる	おどしとった	1																							
くさる	くさった	1																							
はれあがる	はれあがった	1																							
ふくれあがる	ふくれあがった	1																							
いたる	いたった	1																							
おこる	おこった	1																							
ねぶる	ねぶった	1																							
なめずる	なめずった	1																							
まいあがる	まいあがった	1																							
まいもどる	まいもどった	1																							
いもる	いもった	1																							
ゆであがる	ゆであがった	1																							
あらぶる	あらぶった	1																							
あらしまわる	あらしまわった	1																							
おっこる	おっこった	1																							
ほうむる	ほうむった	1																							
ほうむりさる	ほうむりさった	1																							
はびこる	はびこった	1																							
うすまる	うすまった	1																							
わだかまる	わだかまった	1																							
まじこる	まじこった	1																							
ちぬる	ちぬった	1																							
ゆきあたる	ゆきあたった	1																							
ゆきかかる	ゆきかかった	1																							
おおる	おおった	1																							
かぶさる	かぶさった	1																							
よそおう	よそおった	1																							
おそいかかる	おそいかかった	1																							
おおいかぶさる	おおいかぶさった	1																							
みやる	みやった	1																							
みまわる	みまわった	1																							
みまもる	みまもった	1																							
みはる	みはった	1																							
みあたる	みあたった	1																							
みやぶる	みやぶった	1																							
みつもる	みつもった	1																							
みあやまる	みあやまった	1																							
みおくる	みおくった	1																							
かくばる	かくばった	1																							
さわる	さわった	1																							
ふれまわる	ふれまわった	1																							
いいつかる	いいつかった	1																							
ことづかる	ことづかった	1																							
いいやる	いいやった	1																							
いいつのる	いいつのった	1																							
いいはる	いいはった	1																							
いいしぶる	いいしぶった	1																							
いいやぶる	いいやぶった	1																							
いいあやまる	いいあやまった	1																							
うちとる	うちとった	1																							
なまる	なまった	1																							
いぶかる	いぶかった	1																							
つまる	つまった	1																							
つめよる	つめよった	1																							
ほこる	ほこった	1																							
かたる	かたった	1																							
あやまる	あやまった	1																							
よみとる	よみとった	1																							
よみあさる	よみあさった	1																							
よみやぶる	よみやぶった	1																							
へりくだる	へりくだった	1																							
ゆずる	ゆずった	1																							
かたどる	かたどった	1																							
おぶる	おぶった	1																							
おぶさる	おぶさった	1																							
むさぼる	むさぼった	1																							
かいかぶる	かいかぶった	1																							
かいとる	かいとった	1																							
かいあさる	かいあさった	1																							
たうばる	たうばった	1																							
たまはる	たまはった	1																							
たまわる	たまわった	1																							
あかみがかる	あかみがかった	1																							
はしりさる	はしりさった	1																							
はしりまわる	はしりまわった	1																							
はしりよる	はしりよった	1																							
おきあがる	おきあがった	1																							
たる	たった	1																							
またがる	またがった	1																							
とびあがる	とびあがった	1																							
はねまわる	はねまわった	1																							
ふみとどまる	ふみとどまった	1																							
ふんばる	ふんばった	1																							
ふみやぶる	ふみやぶった	1																							
うずくまる	うずくまった	1																							
けやぶる	けやぶった	1																							
いざる	いざった	1																							
おどりあがる	おどりあがった	1																							
おどる	おどった	1																							
おどりかかる	おどりかかった	1																							
にじりよる	にじりよった	1																							
みごもる	みごもった	1																							
みまかる	みまかった	1																							
ころがる	ころがった	1																							
たどる	たどった	1																							
ちかよる	ちかよった	1																							
せまる	せまった	1																							
おいやる	おいやった	1																							
おいすがる	おいすがった	1																							
おいせまる	おいせまった	1																							
にげさる	にげさった	1																							
にげまわる	にげまわった	1																							
すきとおる	すきとおった	1																							
はいあがる	はいあがった	1																							
はいつくばる	はいつくばった	1																							
はいのぼる	はいのぼった	1																							
まかりとおる	まかりとおった	1																							
とおる	とおった	1																							
つうぶる	つうぶった	1																							
とおりかかる	とおりかかった	1																							
つらなる	つらなった	1																							
つれさる	つれさった	1																							
あそびまわる	あそびまわった	1																							
すぎさる	すぎさった	1																							
とおざかる	とおざかった	1																							
さかのぼる	さかのぼった	1																							
えらびとる	えらびとった	1																							
くばる	くばった	1																							
かさなる	かさなった	1																							
つりあがる	つりあがった	1																							
つる	つった	1																							
にぶる	にぶった	1																							
とじこもる	とじこもった	1																							
ひらかる	ひらかった	1																							
ひらきなおる	ひらきなおった	1																							
かかわる	かかわった	1																							
そぼふる	そぼふった	1																							
ふりつのる	ふりつのった	1																							
ふりつもる	ふりつもった	1																							
じんどる	じんどった	1																							
くまどる	くまどった	1																							
へだたる	へだたった	1																							
あつまる	あつまった	1																							
はなれさる	はなれさった	1																							
ふるえあがる	ふるえあがった	1																							
つちふる	つちふった	1																							
もやる	もやった	1																							
しずまる	しずまった	1																							
がんばる	がんばった	1																							
ほおばる	ほおばった	1																							
かざる	かざった	1																							
かおる	かおった	1																							
かけあがる	かけあがった	1																							
かる	かった	1																							
かけさる	かけさった	1																							
かけまわる	かけまわった	1																							
かけよる	かけよった	1																							
かけもどる	かけもどった	1																							
かけのぼる	かけのぼった	1																							
だまる	だまった	1																							
しゃちこばる	しゃちこばった	1																							
しゃちばる	しゃちばった	1																							
しゃちほこばる	しゃちほこばった	1																							
しゃっちょこばる	しゃっちょこばった	1																							
かぶる	かぶった	1																							
のぼす	のぼした	1																							
こきおろす	こきおろした	1																							
さげわたす	さげわたした	1																							
のりだす	のりだした	1																							
のす	のした	1																							
のりつぶす	のりつぶした	1																							
のりあわす	のりあわした	1																							
のりまわす	のりまわした	1																							
のりこす	のりこした	1																							
のりすごす	のりすごした	1																							
かわかす	かわかした	1																							
なくす	なくした	1																							
くわす	くわした	1																							
ほのめかす	ほのめかした	1																							
かいす	かいした	1																							
しでかす	しでかした	1																							
しかえす	しかえした	1																							
つけだす	つけだした	1																							
ふす	ふした	1																							
つけたす	つけたした	1																							
かす	かした	1																							
まかす	まかした	1																							
あわす	あわした	1																							
えす	えした	1																							
あいす	あいした	1																							
のばす	のばした	1																							
すみあらす	すみあらした	1																							
あます	あました	1																							
つくりだす	つくりだした	1																							
つくりなおす	つくりなおした	1																							
つかいまわす	つかいまわした	1																							
きょうす	きょうした	1																							
うながす	うながした	1																							
うつぶす	うつぶした	1																							
たおれふす	たおれふした	1																							
たおす	たおした	1																							
なぎたおす	なぎたおした	1																							
かりたおす	かりたおした	1																							
かりだす	かりだした	1																							
もよおす	もよおした	1																							
はたらかす	はたらかした	1																							
ひからす	ひからした	1																							
おかす	おかした	1																							
うつす	うつした	1																							
さます	さました	1																							
ひやかす	ひやかした	1																							
こらす	こらした	1																							
ほじくりだす	ほじくりだした	1																							
つかみだす	つかみだした	1																							
だす	だした	1																							
でくわす	でくわした	1																							
むきだす	むきだした	1																							
しだす	しだした	1																							
でつくす	でつくした	1																							
でかす	でかした	1																							
でなおす	でなおした	1																							
きりおろす	きりおろした	1																							
きりたおす	きりたおした	1																							
きりだす	きりだした	1																							
きらす	きらした	1																							
きりまわす	きりまわした	1																							
きりくずす	きりくずした	1																							
きりころす	きりころした	1																							
きりおとす	きりおとした	1																							
きりおこす	きりおこした	1																							
きりかえす	きりかえした	1																							
きりはなす	きりはなした	1																							
かりほす	かりほした	1																							
きかす	きかした	1																							
せいす	せいした	1																							
さしころす	さしころした	1																							
そりおとす	そりおとした	1																							
そぎおとす	そぎおとした	1																							
けずりおとす	けずりおとした	1																							
はがす	はがした	1																							
へがす	へがした	1																							
わりだす	わりだした	1																							
たすけだす	たすけだした	1																							
はげます	はげました	1																							
うごかす	うごかした	1																							
かちはなす	かちはなした	1																							
かちこす	かちこした	1																							
かどわす	かどわした	1																							
におわす	におわした	1																							
つつみかくす	つつみかくした	1																							
ばかす	ばかした	1																							
けす	けした	1																							
しゅっす	しゅっした	1																							
そっす	そっした	1																							
はくす	はくした	1																							
ゆりうごかす	ゆりうごかした	1																							
しるす	しるした	1																							
そくす	そくした	1																							
おろす	おろした	1																							
およぼす	およぼした	1																							
そらす	そらした	1																							
とりおろす	とりおろした	1																							
とりみだす	とりみだした	1																							
とりだす	とりだした	1																							
とりこぼす	とりこぼした	1																							
とりまわす	とりまわした	1																							
とりこわす	とりこわした	1																							
とりはずす	とりはずした	1																							
とりくずす	とりくずした	1																							
とりもどす	とりもどした	1																							
とりちらす	とりちらした	1																							
とりのこす	とりのこした	1																							
とりころす	とりころした	1																							
とりけす	とりけした	1																							
とりすます	とりすました	1																							
とりなおす	とりなおした	1																							
とりおとす	とりおとした	1																							
とりかえす	とりかえした	1																							
とりにがす	とりにがした	1																							
とりはなす	とりはなした	1																							
うけもどす	うけもどした	1																							
うけながす	うけながした	1																							
たたきだす	たたきだした	1																							
たたきのめす	たたきのめした	1																							
たたきこわす	たたきこわした	1																							
たたきころす	たたきころした	1																							
たたきなおす	たたきなおした	1																							
たたきおとす	たたきおとした	1																							
つりだす	つりだした	1																							
つるす	つるした	1																							
なざす	なざした	1																							
はきだす	はきだした	1																							
はきちらす	はきちらした	1																							
すいだす	すいだした	1																							
ふきたおす	ふきたおした	1																							
ふきだす	ふきだした	1																							
ふかす	ふかした	1																							
ふきちらす	ふきちらした	1																							
ふきけす	ふきけした	1																							
ふきかえす	ふきかえした	1																							
ふきとばす	ふきとばした	1																							
ふきとおす	ふきとおした	1																							
よびだす	よびだした	1																							
よびもどす	よびもどした	1																							
よびならわす	よびならわした	1																							
よびさます	よびさました	1																							
よびかえす	よびかえした	1																							
そそのかす	そそのかした	1																							
といただす	といただした	1																							
といかえす	といかえした	1																							
わめきちらす	わめきちらした	1																							
よろこばす	よろこばした	1																							
からす	からした	1																							
かぎだす	かぎだした	1																							
かみころす	かみころした	1																							
かみつぶす	かみつぶした	1																							
はやす	はやした	1																							
ひねくりまわす	ひねくりまわした	1																							
つけまわす	つけまわした	1																							
まわす	まわした	1																							
もとおす	もとおした	1																							
おす	おした	1																							
へす	へした	1																							
おしころす	おしころした	1																							
います	いました	1																							
まします	ましました	1																							
ます	ました	1																							
ならす	ならした	1																							
たらす	たらした	1																							
たれながす	たれながした	1																							
うめあわす	うめあわした	1																							
うめつくす	うめつくした	1																							
まぶす	まぶした	1																							
ぬりつぶす	ぬりつぶした	1																							
ぬりかくす	ぬりかくした	1																							
ふやす	ふやした	1																							
ぶちこわす	ぶちこわした	1																							
こわす	こわした	1																							
うりだす	うりだした	1																							
うりわたす	うりわたした	1																							
うりとばす	うりとばした	1																							
はずす	はずした	1																							
うばいかえす	うばいかえした	1																							
ふるいおこす	ふるいおこした	1																							
いばりちらす	いばりちらした	1																							
かえす	かえした	1																							
がいす	がいした	1																							
やどす	やどした	1																							
よす	よした	1																							
よこす	よこした	1																							
ねかす	ねかした	1																							
ねなおす	ねなおした	1																							
ねすごす	ねすごした	1																							
たいす	たいした	1																							
ついす	ついした	1																							
うちころす	うちころした	1																							
いおとす	いおとした	1																							
いかえす	いかえした	1																							
いとおす	いとおした	1																							
みちびきだす	みちびきだした	1																							
とがらす	とがらした	1																							
つかす	つかした	1																							
ぞくす	ぞくした	1																							
くずす	くずした	1																							
めぐらす	めぐらした	1																							
さしだす	さしだした	1																							
さしまわす	さしまわした	1																							
さしもどす	さしもどした	1																							
さしゆるす	さしゆるした	1																							
さしこす	さしこした	1																							
さしつかわす	さしつかわした	1																							
まきもどす	まきもどした	1																							
まきおこす	まきおこした	1																							
まきかえす	まきかえした	1																							
ほす	ほした	1																							
ひれふす	ひれふした	1																							
ざす	ざした	1																							
はいす	はいした	1																							
たてなおす	たてなおした	1																							
ひきおろす	ひきおろした	1																							
ひきたおす	ひきたおした	1																							
ひきだす	ひきだした	1																							
ひきはがす	ひきはがした	1																							
ひっぺがす	ひっぺがした	1																							
ひきまわす	ひきまわした	1																							
ひきのばす	ひきのばした	1																							
ひきもどす	ひきもどした	1																							
ひっかきまわす	ひっかきまわした	1																							
ひきわたす	ひきわたした	1																							
ひきなおす	ひきなおした	1																							
ひきおとす	ひきおとした	1																							
ひきおこす	ひきおこした	1																							
ひっこす	ひっこした	1																							
ひきかえす	ひきかえした	1																							
ひきはなす	ひきはなした	1																							
いやます	いやました	1																							
はりたおす	はりたおした	1																							
はりだす	はりだした	1																							
はりめぐらす	はりめぐらした	1																							
はりわたす	はりわたした	1																							
はりとばす	はりとばした	1																							
はじきかえす	はじきかえした	1																							
はじきとばす	はじきとばした	1																							
ひきならす	ひきならした	1																							
あたりちらす	あたりちらした	1																							
いなす	いなした	1																							
まちあかす	まちあかした	1																							
まちくらす	まちくらした	1																							
こころざす	こころざした	1																							
いからす	いからした	1																							
どなりちらす	どなりちらした	1																							
おもいだす	おもいだした	1																							
おもいまわす	おもいまわした	1																							
おもいめぐらす	おもいめぐらした	1																							
おもいのこす	おもいのこした	1																							
おもいなおす	おもいなおした	1																							
おもいしらす	おもいしらした	1																							
おもいおこす	おもいおこした	1																							
おもいかえす	おもいかえした	1																							
せかす	せかした	1																							
まどわす	まどわした	1																							
なりすます	なりすました	1																							
たたかわす	たたかわした	1																							
もどす	もどした	1																							
てばなす	てばなした	1																							
てわたす	てわたした	1																							
うちおろす	うちおろした	1																							
うちふす	うちふした	1																							
うちたおす	うちたおした	1																							
うちだす	うちだした	1																							
うちのめす	うちのめした	1																							
ぶちのめす	ぶちのめした	1																							
ぶちかます	ぶちかました	1																							
ぶちはなす	ぶちはなした	1																							
うちけす	うちけした	1																							
うちほろぼす	うちほろぼした	1																							
うちなおす	うちなおした	1																							
うちおとす	うちおとした	1																							
うちまかす	うちまかした	1																							
うちかえす	うちかえした	1																							
うちならす	うちならした	1																							
はらいだす	はらいだした	1																							
はらいもどす	はらいもどした	1																							
はらいおとす	はらいおとした	1																							
えぐりだす	えぐりだした	1																							
なげおろす	なげおろした	1																							
なげだす	なげだした	1																							
なげかえす	なげかえした	1																							
なげとばす	なげとばした	1																							
おりかえす	おりかえした	1																							
ぬきだす	ぬきだした	1																							
ぬかす	ぬかした	1																							
ぬきはなす	ぬきはなした	1																							
だきおろす	だきおろした	1																							
だきおこす	だきおこした	1																							
おしたおす	おしたおした	1																							
おしだす	おしだした	1																							
おしつぶす	おしつぶした	1																							
おしまわす	おしまわした	1																							
おしもどす	おしもどした	1																							
おっぽりだす	おっぽりだした	1																							
おしながす	おしながした	1																							
おしかえす	おしかえした	1																							
おしとおす	おしとおした	1																							
おしかくす	おしかくした	1																							
かつぎだす	かつぎだした	1																							
かどわかす	かどわかした	1																							
こじらす	こじらした	1																							
おがみたおす	おがみたおした	1																							
ひろいだす	ひろいだした	1																							
もてあます	もてあました	1																							
もちだす	もちだした	1																							
もちふるす	もちふるした	1																							
もちくずす	もちくずした	1																							
もちなおす	もちなおした	1																							
もちこす	もちこした	1																							
ゆびさす	ゆびさした	1																							
さししめす	さししめした	1																							
ふりおろす	ふりおろした	1																							
ふりみだす	ふりみだした	1																							
ふりだす	ふりだした	1																							
ふりかざす	ふりかざした	1																							
ふりまわす	ふりまわした	1																							
ふりはなす	ふりはなした	1																							
ふりおとす	ふりおとした	1																							
ふりおこす	ふりおこした	1																							
ふりとばす	ふりとばした	1																							
はかす	はかした	1																							
こねくりかえす	こねくりかえした	1																							
ひねりだす	ひねりだした	1																							
ほりだす	ほりだした	1																							
ほりおこす	ほりおこした	1																							
ほりかえす	ほりかえした	1																							
かけあわす	かけあわした	1																							
かけわたす	かけわたした	1																							
かけなおす	かけなおした	1																							
さがしだす	さがしだした	1																							
さがす	さがした	1																							
かきみだす	かきみだした	1																							
かいだす	かいだした	1																							
かきまわす	かきまわした	1																							
かきけす	かきけした	1																							
かきおとす	かきおとした	1																							
かきおこす	かきおこした	1																							
もみだす	もみだした	1																							
もみほぐす	もみほぐした	1																							
えがきだす	えがきだした	1																							
にぎらす	にぎらした	1																							
にぎりつぶす	にぎりつぶした	1																							
ゆらす	ゆらした	1																							
ゆるがす	ゆるがした	1																							
ゆりおこす	ゆりおこした	1																							
ゆりかえす	ゆりかえした	1																							
まきちらす	まきちらした	1																							
はねかす	はねかした	1																							
はねとばす	はねとばした	1																							
なでおろす	なでおろした	1																							
ぎす	ぎした	1																							
せめほろぼす	せめほろぼした	1																							
せめおとす	せめおとした	1																							
ひりだす	ひりだした	1																							
ほうりだす	ほうりだした	1																							
はなす	はなした	1																							
ほかす	ほかした	1																							
ぶっぱなす	ぶっぱなした	1																							
すくいだす	すくいだした	1																							
おしえさとす	おしえさとした	1																							
ちらす	ちらした	1																							
ちらかす	ちらかした	1																							
ほどこす	ほどこした	1																							
あかす	あかした	1																							
あけわたす	あけわたした	1																							
うつしだす	うつしだした	1																							
さらす	さらした	1																							
はらす	はらした	1																							
ぼかす	ぼかした	1																							
くらす	くらした	1																							
くもらす	くもらした	1																							
さぼす	さぼした	1																							
かきおろす	かきおろした	1																							
かきだす	かきだした	1																							
かきちらす	かきちらした	1																							
かきのこす	かきのこした	1																							
かきながす	かきながした	1																							
かきもらす	かきもらした	1																							
かきなおす	かきなおした	1																							
かきあらわす	かきあらわした	1																							
かきしるす	かきしるした	1																							
かきたす	かきたした	1																							
かきとばす	かきとばした	1																							
ふくす	ふくした	1																							
きす	きした	1																							
きたす	きたした	1																							
はたす	はたした	1																							
そめだす	そめだした	1																							
そめなおす	そめなおした	1																							
そめかえす	そめかえした	1																							
ねざす	ねざした	1																							
とかす	とかした	1																							
きわめつくす	きわめつくした	1																							
もす	もした	1																							
かかす	かかした	1																							
ほりす	ほりした	1																							
さす	さした	1																							
ただす	ただした	1																							
しなす	しなした	1																							
のこす	のこした	1																							
なぐりたおす	なぐりたおした	1																							
なぐりころす	なぐりころした	1																							
なぐりとばす	なぐりとばした	1																							
ころす	ころした	1																							
くびりころす	くびりころした	1																							
ぶちころす	ぶちころした	1																							
けがす	けがした	1																							
よごす	よごした	1																							
くみだす	くみだした	1																							
くみほす	くみほした	1																							
もっす	もっした	1																							
わかす	わかした	1																							
なおす	なおした	1																							
なきふす	なきふした	1																							
なかす	なかした	1																							
なきはらす	なきはらした	1																							
なきくらす	なきくらした	1																							
なきおとす	なきおとした	1																							
つぎたす	つぎたした	1																							
あらいだす	あらいだした	1																							
あらいざらす	あらいざらした	1																							
あらいなおす	あらいなおした	1																							
あらいおとす	あらいおとした	1																							
ながれだす	ながれだした	1																							
ながす	ながした	1																							
はやらす	はやらした	1																							
うきだす	うきだした	1																							
うかす	うかした	1																							
よくす	よくした	1																							
ひたす	ひたした	1																							
もみけす	もみけした	1																							
まぜかえす	まぜかえした	1																							
まぜっかえす	まぜっかえした	1																							
すりへらす	すりへらした	1																							
へらす	へらした	1																							
わたす	わたした	1																							
わきだす	わきだした	1																							
しめらす	しめらした	1																							
みたす	みたした	1																							
あふれだす	あふれだした	1																							
ほろぼす	ほろぼした	1																							
すべりだす	すべりだした	1																							
すべらす	すべらした	1																							
したたらす	したたらした	1																							
ただよわす	ただよわした	1																							
すきかえす	すきかえした	1																							
もらす	もらした	1																							
うるかす	うるかした	1																							
うるおす	うるおした	1																							
すりつぶす	すりつぶした	1																							
つぶす	つぶした	1																							
ぶっつぶす	ぶっつぶした	1																							
すます	すました	1																							
にごす	にごした	1																							
ぬらす	ぬらした	1																							
こす	こした	1																							
くだす	くだした	1																							
とぼす	とぼした	1																							
ともす	ともした	1																							
しのこす	しのこした	1																							
しこなす	しこなした	1																							
しおとす	しおとした	1																							
なくなす	なくなした	1																							
じらす	じらした	1																							
やきころす	やきころした	1																							
やきなおす	やきなおした	1																							
せんじだす	せんじだした	1																							
てらしだす	てらしだした	1																							
てらす	てらした	1																							
てりかえす	てりかえした	1																							
わずらわす	わずらわした	1																							
にだす	にだした	1																							
にかえす	にかえした	1																							
こなす	こなした	1																							
じゅくす	じゅくした	1																							
ねす	ねした	1																							
おこす	おこした	1																							
もやす	もやした	1																							
いぶす	いぶした	1																							
くゆらす	くゆらした	1																							
かたす	かたした	1																							
くるわす	くるわした	1																							
あまやかす	あまやかした	1																							
うみだす	うみだした	1																							
おやす	おやした	1																							
おおす	おおした	1																							
むす	むした	1																							
うみおとす	うみおとした	1																							
まおす	まおした	1																							
もうす	もうした	1																							
もうしわたす	もうしわたした	1																							
もうしこす	もうしこした	1																							
かくす	かくした	1																							
りゃくす	りゃくした	1																							
つからす	つからした	1																							
いやす	いやした	1																							
ぬすみだす	ぬすみだした	1																							
もりころす	もりころした	1																							
もりかえす	もりかえした	1																							
めざす	めざした	1																							
もくす	もくした	1																							
やりなおす	やりなおした	1																							
あいぐす	あいぐした	1																							
あいわす	あいわした	1																							
ねむらす	ねむらした	1																							
きふるす	きふるした	1																							
きくずす	きくずした	1																							
はきつぶす	はきつぶした	1																							
ききなおす	ききなおした	1																							
にらみかえす	にらみかえした	1																							
しらす	しらした	1																							
しろしめす	しろしめした	1																							
しめす	しめした	1																							
らいす	らいした	1																							
しゅくす	しゅくした	1																							
しょうす	しょうした	1																							
かせぎだす	かせぎだした	1																							
つみだす	つみだした	1																							
つみます	つみました	1																							
つみのこす	つみのこした	1																							
つみなおす	つみなおした	1																							
すかす	すかした	1																							
つっぷす	つっぷした	1																							
つきたおす	つきたおした	1																							
つきだす	つきだした	1																							
つきさす	つきさした	1																							
つきうごかす	つきうごかした	1																							
つきくずす	つきくずした	1																							
つきもどす	つきもどした	1																							
つきはなす	つきはなした	1																							
つきころす	つきころした	1																							
つきおとす	つきおとした	1																							
つきころばす	つきころばした	1																							
つきかえす	つきかえした	1																							
つきとおす	つきとおした	1																							
つきとばす	つきとばした	1																							
やつす	やつした	1																							
たたす	たたした	1																							
たちつくす	たちつくした	1																							
せりおとす	せりおとした	1																							
わらわかす	わらわかした	1																							
わらいだす	わらいだした	1																							
わらいとばす	わらいとばした	1																							
めかす	めかした	1																							
せいだす	せいだした	1																							
まぎらす	まぎらした	1																							
まぎらわす	まぎらわした	1																							
くみあわす	くみあわした	1																							
ほだす	ほだした	1																							
しぼりだす	しぼりだした	1																							
しめころす	しめころした	1																							
たやす	たやした	1																							
ほころばす	ほころばした	1																							
しめだす	しめだした	1																							
あみだす	あみだした	1																							
ぬいなおす	ぬいなおした	1																							
ぬいかえす	ぬいかえした	1																							
ちぢらす	ちぢらした	1																							
おりだす	おりだした	1																							
くりだす	くりだした	1																							
くりまわす	くりまわした	1																							
くりもどす	くりもどした	1																							
くりこす	くりこした	1																							
くりかえす	くりかえした	1																							
ならわす	ならわした	1																							
かざす	かざした	1																							
ひるがえす	ひるがえした	1																							
かんがえだす	かんがえだした	1																							
かんがえなおす	かんがえなおした	1																							
たがやす	たがやした	1																							
ききなす	ききなした	1																							
ききだす	ききだした	1																							
きこしめす	きこしめした	1																							
ききはずす	ききはずした	1																							
ききながす	ききながした	1																							
ききもらす	ききもらした	1																							
ききすます	ききすました	1																							
ききおとす	ききおとした	1																							
ききかえす	ききかえした	1																							
ききのがす	ききのがした	1																							
ききすごす	ききすごした	1																							
そびやかす	そびやかした	1																							
こやす	こやした	1																							
おどす	おどした	1																							
おびやかす	おびやかした	1																							
くさらす	くさらした	1																							
くさす	くさした	1																							
ふくらす	ふくらした	1																							
おくす	おくした	1																							
いたす	いたした	1																							
なめまわす	なめまわした	1																							
こけむす	こけむした	1																							
ちゃかす	ちゃかした	1																							
ゆでこぼす	ゆでこぼした	1																							
あらす	あらした	1																							
きざす	きざした	1																							
おとす	おとした	1																							
おっことす	おっことした	1																							
ふるいおとす	ふるいおとした	1																							
ひかす	ひかした	1																							
あらわす	あらわした	1																							
むしかえす	むしかえした	1																							
とろかす	とろかした	1																							
うごめかす	うごめかした	1																							
かぶす	かぶした	1																							
うらがえす	うらがえした	1																							
ほめそやす	ほめそやした	1																							
ようす	ようした	1																							
くつがえす	くつがえした	1																							
おおいかくす	おおいかくした	1																							
みおろす	みおろした	1																							
みくだす	みくだした	1																							
みつけだす	みつけだした	1																							
みだす	みだした	1																							
みす	みした	1																							
めす	めした	1																							
みなす	みなした	1																							
みせびらかす	みせびらかした	1																							
みあわす	みあわした	1																							
みまわす	みまわした	1																							
みはなす	みはなした	1																							
みはらす	みはらした	1																							
みのこす	みのこした	1																							
みわたす	みわたした	1																							
みなおす	みなおした	1																							
みおとす	みおとした	1																							
みこす	みこした	1																							
みかえす	みかえした	1																							
みのがす	みのがした	1																							
みすかす	みすかした	1																							
みとおす	みとおした	1																							
みすごす	みすごした	1																							
げす	げした	1																							
ほぐす	ほぐした	1																							
ほごす	ほごした	1																							
ほつす	ほつした	1																							
ときほぐす	ときほぐした	1																							
ときはなす	ときはなした	1																							
ときあかす	ときあかした	1																							
いわす	いわした	1																							
いいふらす	いいふらした	1																							
いいふるす	いいふるした	1																							
いいさす	いいさした	1																							
いいはやす	いいはやした	1																							
いいまわす	いいまわした	1																							
いいちらす	いいちらした	1																							
いいくらす	いいくらした	1																							
いいのこす	いいのこした	1																							
いいわたす	いいわたした	1																							
いいもらす	いいもらした	1																							
いいなおす	いいなおした	1																							
いいまぎらす	いいまぎらした	1																							
いいならわす	いいならわした	1																							
いいきかす	いいきかした	1																							
いいおとす	いいおとした	1																							
いいあらわす	いいあらわした	1																							
いいまかす	いいまかした	1																							
いいたす	いいたした	1																							
いいかえす	いいかえした	1																							
いいとおす	いいとおした	1																							
いいすごす	いいすごした	1																							
たくす	たくした	1																							
ゆるす	ゆるした	1																							
やくす	やくした	1																							
ひょうす	ひょうした	1																							
ためす	ためした	1																							
たぶらかす	たぶらかした	1																							
たぶろかす	たぶろかした	1																							
たらかす	たらかした	1																							
さそいだす	さそいだした	1																							
かたりふるす	かたりふるした	1																							
かたりあかす	かたりあかした	1																							
ごまかす	ごまかした	1																							
ときおこす	ときおこした	1																							
よみだす	よみだした	1																							
よみおとす	よみおとした	1																							
よみかえす	よみかえした	1																							
よみとばす	よみとばした	1																							
うけだす	うけだした	1																							
しゃす	しゃした	1																							
ゆずりわたす	ゆずりわたした	1																							
まけこす	まけこした	1																							
つらぬきとおす	つらぬきとおした	1																							
けなす	けなした	1																							
かいもどす	かいもどした	1																							
かいたす	かいたした	1																							
かしだす	かしだした	1																							
ついやす	ついやした	1																							
しす	しした	1																							
にぎわす	にぎわした	1																							
にぎやかす	にぎやかした	1																							
まかりこす	まかりこした	1																							
たす	たした	1																							
はねかえす	はねかえした	1																							
おどらす	おどらした	1																							
ふみたおす	ふみたおした	1																							
ふみだす	ふみだした	1																							
ふみはずす	ふみはずした	1																							
ふみころす	ふみころした	1																							
ふみつぶす	ふみつぶした	1																							
ふみあらす	ふみあらした	1																							
ふみこす	ふみこした	1																							
ふみならす	ふみならした	1																							
けたおす	けたおした	1																							
けだす	けだした	1																							
けちらす	けちらした	1																							
けおとす	けおとした	1																							
けかえす	けかえした	1																							
けっとばす	けっとばした	1																							
けとばす	けとばした	1																							
かわす	かわした	1																							
ころがす	ころがした	1																							
まろがす	まろがした	1																							
かがやかす	かがやかした	1																							
とどろかす	とどろかした	1																							
ひきころす	ひきころした	1																							
じす	じした	1																							
ひっくりかえす	ひっくりかえした	1																							
ごったがえす	ごったがえした	1																							
ぶりかえす	ぶりかえした	1																							
かやす	かやした	1																							
まよわす	まよわした	1																							
おいだす	おいだした	1																							
ぼいだす	ぼいだした	1																							
おいまわす	おいまわした	1																							
おいちらす	おいちらした	1																							
おいおとす	おいおとした	1																							
おいこす	おいこした	1																							
おいかえす	おいかえした	1																							
どかす	どかした	1																							
おくりだす	おくりだした	1																							
おくりかえす	おくりかえした	1																							
にげだす	にげだした	1																							
のがす	のがした	1																							
にがす	にがした	1																							
すきとおす	すきとおした	1																							
はいだす	はいだした	1																							
とおす	とおした	1																							
とおりこす	とおりこした	1																							
つれだす	つれだした	1																							
つれもどす	つれもどした	1																							
おくらす	おくらした	1																							
あそばす	あそばした	1																							
あすばす	あすばした	1																							
あそびくらす	あそびくらした	1																							
はこびだす	はこびだした	1																							
やりすごす	やりすごした	1																							
すごす	すごした	1																							
やらす	やらした	1																							
つかわす	つかわした	1																							
やらかす	やらかした	1																							
やりかえす	やりかえした	1																							
てきす	てきした	1																							
よりだす	よりだした	1																							
えらびだす	えらびだした	1																							
えわす	えわした	1																							
さわす	さわした	1																							
かもしだす	かもしだした	1																							
かもす	かもした	1																							
すきおこす	すきおこした	1																							
いつぶす	いつぶした	1																							
ひらめかす	ひらめかした	1																							
ひろめかす	ひろめかした	1																							
とざす	とざした	1																							
あけはなす	あけはなした	1																							
ふらす	ふらした	1																							
あやす	あやした	1																							
こぼす	こぼした	1																							
ふるわす	ふるわした	1																							
なびかす	なびかした	1																							
なめす	なめした	1																							
ひびかす	ひびかした	1																							
とびだす	とびだした	1																							
ぶっとばす	ぶっとばした	1																							
とばす	とばした	1																							
とびこす	とびこした	1																							
くいたおす	くいたおした	1																							
はみだす	はみだした	1																							
しょくす	しょくした	1																							
くいつぶす	くいつぶした	1																							
くいちらす	くいちらした	1																							
たべのこす	たべのこした	1																							
くいころす	くいころした	1																							
たべよごす	たべよごした	1																							
くいあらす	くいあらした	1																							
のみくだす	のみくだした	1																							
のみたおす	のみたおした	1																							
のみまわす	のみまわした	1																							
のみほす	のみほした	1																							
のみあかす	のみあかした	1																							
のみつぶす	のみつぶした	1																							
にえす	にえした	1																							
かけだす	かけだした	1																							
さわがす	さわがした	1																							
だます	だました	1																							
だまくらかす	だまくらかした	1																							
おどろかす	おどろかした	1																							
かきならす	かきならした	1																							
おりたつ	おりたった	1																							
ならびたつ	ならびたった	1																							
おもだつ	おもだった	1																							
あわせもつ	あわせもった	1																							
たもつ	たもった	1																							
さいだつ	さいだった	1																							
さきだつ	さきだった	1																							
きりたつ	きりたった	1																							
いさみたつ	いさみたった	1																							
かつ	かった	1																							
とりもつ	とりもった	1																							
うけもつ	うけもった	1																							
ふるいたつ	ふるいたった	1																							
すだつ	すだった	1																							
たつ	たった	1																							
ひきはなつ	ひきはなった	1																							
ひきたつ	ひきたった	1																							
いよだつ	いよだった	1																							
やくだつ	やくだった	1																							
まつ	まった	1																							
おもいたつ	おもいたった	1																							
なりたつ	なりたった	1																							
うつ	うった	1																							
うちかつ	うちかった	1																							
なげうつ	なげうった	1																							
ぬきはなつ	ぬきはなった	1																							
もつ	もった	1																							
ささげもつ	ささげもった	1																							
かけもつ	かけもった	1																							
はなつ	はなった	1																							
たびだつ	たびだった	1																							
けばだつ	けばだった	1																							
きおいたつ	きおいたった	1																							
わきたつ	わきたった	1																							
あわだつ	あわだった	1																							
なみうつ	なみうった	1																							
なみだつ	なみだった	1																							
うきたつ	うきたった	1																							
ぬれそぼつ	ぬれそぼった	1																							
にえたつ	にえたった	1																							
にたつ	にたった	1																							
いきりたつ	いきりたった	1																							
もえたつ	もえたった	1																							
つまさきだつ	つまさきだった	1																							
つまだつ	つまだった	1																							
うまれそだつ	うまれそだった	1																							
めだつ	めだった	1																							
あいまつ	あいまった	1																							
つったつ	つったった	1																							
そそりたつ	そそりたった	1																							
せりかつ	せりかった	1																							
つぶだつ	つぶだった	1																							
そだつ	そだった	1																							
みゃくうつ	みゃくうった	1																							
はらだつ	はらだった	1																							
まいたつ	まいたった	1																							
いらだつ	いらだった	1																							
あらだつ	あらだった	1																							
おもてだつ	おもてだった	1																							
かどだつ	かどだった	1																							
ときはなつ	ときはなった	1																							
いいはなつ	いいはなった	1																							
むかえうつ	むかえうった	1																							
さかだつ	さかだった	1																							
つれだつ	つれだった	1																							
めいうつ	めいうった	1																							
ふりそぼつ 	ふりそぼった	1																							
きわだつ	きわだった	1																							
むちうつ	むちうった	1																							
かしらだつ	かしらだった	1																							
とびたつ	とびたった	1																							
とう	とった	1																							
こう	こった	1																							
のりそこなう	のりそこなった	1																							
あらそう	あらそった	1																							
なう	なった	1																							
しまう	しまった	1																							
つきまとう	つきまとった	1																							
つきあう	つきあった	1																							
つきしたがう	つきしたがった	1																							
つきそう	つきそった	1																							
あう	あった	1																							
つたえあう	つたえあった	1																							
ともなう	ともなった	1																							
うかがう	うかがった	1																							
にあう	にあった	1																							
にかよう	にかよった	1																							
すまう	すまった	1																							
つくりそこなう	つくりそこなった	1																							
こきつかう	こきつかった	1																							
つかう	つかった	1																							
かかずらう	かかずらった	1																							
もやう	もやった	1																							
つぐなう	つぐなった	1																							
いれちがう	いれちがった	1																							
であう	であった	1																							
でそろう	でそろった	1																							
だしあう	だしあった	1																							
ではらう	ではらった	1																							
できそこなう	できそこなった	1																							
できあう	できあった	1																							
わかちあう	わかちあった	1																							
わけあう	わけあった	1																							
きりあう	きりあった	1																							
きりはらう	きりはらった	1																							
たすけあう	たすけあった	1																							
ねぎらう	ねぎらった	1																							
におう	におった	1																							
かくまう	かくまった	1																							
いとう	いとった	1																							
とりあう	とりあった	1																							
とりはらう	とりはらった	1																							
とりあつかう	とりあつかった	1																							
とりそこなう	とりそこなった	1																							
とりつくろう	とりつくろった	1																							
とりはからう	とりはからった	1																							
たたきあう	たたきあった	1																							
めしつかう	めしつかった	1																							
かなう	かなった	1																							
じゃれあう	じゃれあった	1																							
ぶつかりあう	ぶつかりあった	1																							
めぐりあう	めぐりあった	1																							
やりあう	やりあった	1																							
むかう	むかった	1																							
むかいあう	むかいあった	1																							
むきあう	むきあった	1																							
すう	すった	1																							
ふきはらう	ふきはらった	1																							
のろう	のろった	1																							
あじわう	あじわった	1																							
さきそろう	さきそろった	1																							
さきにおう	さきにおった	1																							
あざわらう	あざわらった	1																							
かみあう	かみあった	1																							
かこう	かこった	1																							
とりおこなう	とりおこなった	1																							
つちかう	つちかった	1																							
むくう	むくった	1																							
うりはらう	うりはらった	1																							
うしなう	うしなった	1																							
うばう	うばった	1																							
うばいあう	うばいあった	1																							
こびへつらう	こびへつらった	1																							
きらう	きらった	1																							
やすらう	やすらった	1																							
よせあう	よせあった	1																							
よりあう	よりあった	1																							
よりそう	よりそった	1																							
ねそこなう	ねそこなった	1																							
さしむかう	さしむかった	1																							
こいねがう	こいねがった	1																							
かばう	かばった	1																							
とむらう	とむらった	1																							
ひきあう	ひきあった	1																							
ひきはらう	ひきはらった	1																							
ひっさらう	ひっさらった	1																							
はりあう	はりあった	1																							
さまよう	さまよった	1																							
したがう	したがった	1																							
さらう	さらった	1																							
いかりくるう	いかりくるった	1																							
おもう	おもった	1																							
おもいあう	おもいあった	1																							
おもいまどう	おもいまどった	1																							
はじらう	はじらった	1																							
まどう	まどった	1																							
あいしあう	あいしあった	1																							
したう	したった	1																							
たたかう	たたかった	1																							
とまどう	とまどった	1																							
てつだう	てつだった	1																							
てむか​う	てむか​った	1																							
うちあう	うちあった	1																							
うちはらう	うちはらった	1																							
はらう	はらった	1																							
あつかう	あつかった	1																							
なげあう	なげあった	1																							
あらがう	あらがった	1																							
おりあ​う	おりあ​った	1																							
だきあう	だきあった	1																							
おしあう	おしあった	1																							
になう	になった	1																							
ぬぐう	ぬぐった	1																							
ひろう	ひろった	1																							
もちあう	もちあった	1																							
もちあつかう	もちあつかった	1																							
ふるう	ふるった	1																							
ふりあう	ふりあった	1																							
ふりはらう	ふりはらった	1																							
ふるまう	ふるまった	1																							
かかりあう	かかりあった	1																							
かけあう	かけあった	1																							
かっぱらう	かっぱらった	1																							
かっさらう	かっさらった	1																							
そろう	そろった	1																							
もみあう	もみあった	1																							
からかう	からかった	1																							
たゆたう	たゆたった	1																							
そこなう	そこなった	1																							
しなう	しなった	1																							
すれあう	すれあった	1																							
ささえあう	ささえあった	1																							
しはらう	しはらった	1																							
すくう	すくった	1																							
ありあう	ありあった	1																							
きむかう	きむかった	1																							
うたう	うたった	1																							
はむかう	はむかった	1																							
きおう	きおった	1																							
きづかう	きづかった	1																							
そう	そった	1																							
あらう	あらった	1																							
さすらう	さすらった	1																							
こみあう	こみあった	1																							
わたりあう	わたりあった	1																							
とけあう	とけあった	1																							
ただよう	ただよった	1																							
うるおう	うるおった	1																							
やきはらう	やきはらった	1																							
てりあう	てりあった	1																							
ひしめきあう	ひしめきあった	1																							
とちぐるう	とちぐるった	1																							
くるう	くるった	1																							
ねらう	ねらった	1																							
たけりくるう	たけりくるった	1																							
おう	おった	1																							
つがう	つがった	1																							
うたがう	うたがった	1																							
あいともなう	あいともなった	1																							
まう	まった	1																							
むつみあう	むつみあった	1																							
にらみあう	にらみあった	1																							
しりあう	しりあった	1																							
いわう	いわった	1																							
うつろう	うつろった	1																							
たちあう	たちあった	1																							
たちむか​う	たちむか​った	1																							
たちまよう	たちまよった	1																							
きそう	きそった	1																							
せりあう	せりあった	1																							
きそいあう	きそいあった	1																							
せせらわらう	せせらわらった	1																							
わらう	わらった	1																							
あざなう	あざなった	1																							
まがう	まがった	1																							
くみあう	くみあった	1																							
ゆう	ゆった	1																							
からみあう	からみあった	1																							
たまう	たまった	1																							
たもう	たもった	1																							
つくろう	つくろった	1																							
まとう	まとった	1																							
ならう	ならった	1																							
かがよう	かがよった	1																							
しょう	しょった	1																							
せおう	せおった	1																							
あたう	あたった	1																							
はらばう	はらばった	1																							
むやう	むやった	1																							
あれくるう	あれくるった	1																							
おちあう	おちあった	1																							
なぎはらう	なぎはらった	1																							
ちまよう	ちまよった	1																							
いきかう	いきかった	1																							
ゆきかう	ゆきかった	1																							
おこなう	おこなった	1																							
てらう	てらった	1																							
おぎなう	おぎなった	1																							
おそう	おそった	1																							
おおう	おおった	1																							
みあう	みあった	1																							
みうしなう	みうしなった	1																							
みそこなう	みそこなった	1																							
みまがう	みまがった	1																							
みつくろう	みつくろった	1																							
みならう	みならった	1																							
みまう	みまった	1																							
みはからう	みはからった	1																							
みちがう	みちがった	1																							
ふれあう	ふれあった	1																							
いいあらそう	いいあらそった	1																							
いう	いった	1																							
いいつくろう	いいつくろった	1																							
はからう	はからった	1																							
はなしあう	はなしあった	1																							
ちかう	ちかった	1																							
さそう	さそった	1																							
さそいあう	さそいあった	1																							
かたらう	かたらった	1																							
かたりあう	かたりあった	1																							
へつらう	へつらった	1																							
うけあう	うけあった	1																							
うけおう	うけおった	1																							
いさかう	いさかった	1																							
あげつらう	あげつらった	1																							
ゆずりあう	ゆずりあった	1																							
おぶう	おぶった	1																							
もらう	もらった	1																							
かう	かった	1																							
まかなう	まかなった	1																							
にぎわう	にぎわった	1																							
あがなう	あがなった	1																							
おどりくるう	おどりくるった	1																							
ふみまよう	ふみまよった	1																							
つくばう	つくばった	1																							
ためらう	ためらった	1																							
きしみあう	きしみあった	1																							
まよう	まよった	1																							
ぼう	ぼった	1																							
おいはらう	おいはらった	1																							
にげまどう	にげまどった	1																							
さからう	さからった	1																							
はう	はった	1																							
はいつくばう	はいつくばった	1																							
かよう	かよった	1																							
つうじあう	つうじあった	1																							
つれそう	つれそった	1																							
すれちがう	すれちがった	1																							
ちがう	ちがった	1																							
よう	よった	1																							
よっぱらう	よっぱらった	1																							
つりあう	つりあった	1																							
よろう	よろった	1																							
まにあう	まにあった	1																							
まちがう	まちがった	1																							
かかわりあう	かかわりあった	1																							
となりあう	となりあった	1																							
つどう	つどった	1																							
やとう	やとった	1																							
めんくらう	めんくらった	1																							
ねがう	ねがった	1																							
とびかう	とびかった	1																							
とびちがう	とびちがった	1																							
くう	くった	1																							
くらう	くらった	1																							
くいあう	くいあった	1																							
くいちがう	くいちがった	1																							
やしなう	やしなった	1																							
なれあう	なれあった	1																							
かもる	かもった	1																							
ほねばる	ほねばった	1																							
たかぶる	たかぶった	1																							
たかなる	たかなった	1																							
たよる	たよった	1																							
とびのる	とびのった	1																							
とびまわる	とびまわった	1																							
とびかかる	とびかかった	1																							
とびうつる	とびうつった	1																							
とびしさる	とびしさった	1																							
くいさがる	くいさがった	1																							
くいしばる	くいしばった	1																							
くいやぶる	くいやぶった	1																							
なきじゃくる	なきじゃくった	1-3																							
かきおくる	かきおくった	1-3																							
かいくぐる	かいくぐった	1-3																							
さしくる	さしくった	1-3																							
ふきおくる	ふきおくった	1-3																							
むくる	むくった	1-3																							
ちちくる	ちちくった	1-3																							
だまりこくる	だまりこくった	1-3																							
もうしおくる	もうしおくった	1-3																							
うたぐる	うたぐった	1-3																							
ひにくる	ひにくった	1-3																							
さくる	さくった	1-3																							
かきなぐる	かきなぐった	1-3																							
なでさする	なでさすった	1-3																							
さする	さすった	1-3																							
かする	かすった	1-3																							
ひねくる	ひねくった	1-3																							
ぐずる	ぐずった	1-3																							
あてこする	あてこすった	1-3																							
ゆする	ゆすった	1-3																							
ひっくくる	ひっくくった	1-3																							
いじくる	いじくった	1-3																							
ぬりたくる	ぬりたくった	1-3																							
さえずる	さえずった	1-3																							
しゃべくる	しゃべくった	1-3																							
すする	すすった	1-3																							
いいおくる	いいおくった	1-3																							
しゃくる	しゃくった	1-3																							
むぐる	むぐった	1-3																							
もぐる	もぐった	1-3																							
おくる	おくった	1-3																							
はぐる	はぐった	1-3																							
よりすぐる	よりすぐった	1-3																							
かくる	かくった	1-3																							
かけめぐる	かけめぐった	1-3																							
げびる	げびた	2-1																							
なみいる	なみいた	2-1																							
じょうじる	じょうじた	2-1																							
からびる	からびた	2-1																							
ことたりる	ことたりた	2-1																							
じそんじる	じそんじた	2-1																							
あおぎみる	あおぎみた	2-1																							
にんじる	にんじた	2-1																							
のびる	のびた	2-1																							
べんじる	べんじた	2-1																							
しんじる	しんじた	2-1																							
かりる	かりた	2-1																							
さきんじる	さきんじた	2-1																							
めんじる	めんじた	2-1																							
できる	できた	2-1																							
はんじる	はんじた	2-1																							
はげおちる	はげおちた	2-1																							
どうじる	どうじた	2-1																							
さんじる	さんじた	2-1																							
ふるびる	ふるびた	2-1																							
おなじる	おなじた	2-1																							
ぎんじる	ぎんじた	2-1																							
めいじる	めいじた	2-1																							
こうじる	こうじた	2-1																							
かいまみる	かいまみた	2-1																							
ほうじる	ほうじた	2-1																							
へんじる	へんじた	2-1																							
こびる	こびた	2-1																							
ぞんじる	ぞんじた	2-1																							
やすんじる	やすんじた	2-1																							
ふうじる	ふうじた	2-1																							
つきる	つきた	2-1																							
くずれおちる	くずれおちた	2-1																							
おびる	おびた	2-1																							
としおいる	としおいた	2-1																							
まちわびる	まちわびた	2-1																							
ねんじる	ねんじた	2-1																							
おじる	おじた	2-1																							
はじる	はじた	2-1																							
くいる	くいた	2-1																							
まんじる	まんじた	2-1																							
こりる	こりた	2-1																							
うちみる	うちみた	2-1																							
くじる	くじた	2-1																							
とうじる	とうじた	2-1																							
ぬけおちる	ぬけおちた	2-1																							
かけおりる	かけおりた	2-1																							
そんじる	そんじた	2-1																							
よじる	よじた	2-1																							
だんじる	だんじた	2-1																							
えいじる	えいじた	2-1																							
くちる	くちた	2-1																							
しみる	しみた	2-1																							
あんじる	あんじた	2-1																							
じゅんじる	じゅんじた	2-1																							
あぶらじみる	あぶらじみた	2-1																							
ながれおちる	ながれおちた	2-1																							
あびる	あびた	2-1																							
げんじる	げんじた	2-1																							
みちる	みちた	2-1																							
みちみちる	みちみちた	2-1																							
みちたりる	みちたりた	2-1																							
ほろびる	ほろびた	2-1																							
すべりおちる	すべりおちた	2-1																							
すべりおりる	すべりおりた	2-1																							
したたりおちる	したたりおちた	2-1																							
もれおちる	もれおちた	2-1																							
えんじる	えんじた	2-1																							
てんじる	てんじた	2-1																							
やけおちる	やけおちた	2-1																							
せんじる	せんじた	2-1																							
にる	にた	2-1																							
ひとりごちる	ひとりごちた	2-1																							
ひきいる	ひきいた	2-1																							
あまんじる	あまんじた	2-1																							
しょうじる	しょうじた	2-1																							
いきのびる	いきのびた	2-1																							
うまれおちる	うまれおちた	2-1																							
もちいる	もちいた	2-1																							
いなかびる	いなかびた	2-1																							
うとんじる	うとんじた	2-1																							
ぬすみみる	ぬすみみた	2-1																							
そうじる	そうじた	2-1																							
かみさびる	かみさびた	2-1																							
きんじる	きんじた	2-1																							
とじる	とじた	2-1																							
ほころびる	ほころびた	2-1																							
おいる	おいた	2-1																							
ききあきる	ききあきた	2-1																							
がえんじる	がえんじた	2-1																							
きょうじる	きょうじた	2-1																							
まいおちる	まいおちた	2-1																							
まいおりる	まいおりた	2-1																							
あらびる	あらびた	2-1																							
しなびる	しなびた	2-1																							
なだれおちる	なだれおちた	2-1																							
ずりおちる	ずりおちた	2-1																							
おちる	おちた	2-1																							
おっこちる	おっこちた	2-1																							
おちのびる	おちのびた	2-1																							
くんじる	くんじた	2-1																							
みる	みた	2-1																							
みあきる	みあきた	2-1																							
かんじる	かんじた	2-1																							
こころみる	こころみた	2-1																							
わびる	わびた	2-1																							
ろんじる	ろんじた	2-1																							
そらんじる	そらんじた	2-1																							
おきる	おきた	2-1																							
たりる	たりた	2-1																							
はねおきる	はねおきた	2-1																							
ころがりおちる	ころがりおちた	2-1																							
ころげおちる	ころげおちた	2-1																							
かろんじる	かろんじた	2-1																							
たいじる	たいじた	2-1																							
にげのびる	にげのびた	2-1																							
にげおちる	にげおちた	2-1																							
つうじる	つうじた	2-1																							
とおりすぎる	とおりすぎた	2-1																							
ひなびる	ひなびた	2-1																							
おもんじる	おもんじた	2-1																							
さびる	さびた	2-1																							
かんがみる	かんがみた	2-1																							
ちょうじる	ちょうじた	2-1																							
おりる	おりた	2-1																							
なんじる	なんじた	2-1																							
かえりみる	かえりみた	2-1																							
とびおりる	とびおりた	2-1																							
とびおきる	とびおきた	2-1																							
あきる	あきた	2-1																							
あきたりる	あきたりた	2-1																							
はせさんじる	はせさんじた	2-1																							
かびる	かびた	2-1																							
いる	いた	2-1																							
あせじみる	あせじみた	2-1																							
しゃくりあげる	しゃくりあげた	2-2																							
たくしあげる	たくしあげた	2-2																							
こみあげる	こみあげた	2-2																							
あげる	あげた	2-2																							
のぼりつめる	のぼりつめた	2-2																							
ぶらさげる	ぶらさげた	2-2																							
さげる	さげた	2-2																							
あたえる	あたえた	2-2																							
よなれる	よなれた	2-2																							
よばなれる	よばなれた	2-2																							
ならべる	ならべた	2-2																							
なみはずれる	なみはずれた	2-2																							
ならべかえる	ならべかえた	2-2																							
ならべたてる	ならべたてた	2-2																							
まるめる	まるめた	2-2																							
のりあげる	のりあげた	2-2																							
のりつける	のりつけた	2-2																							
のりいれる	のりいれた	2-2																							
のせる	のせた	2-2																							
のっける	のっけた	2-2																							
のりあわせる	のりあわせた	2-2																							
のりかえる	のりかえた	2-2																							
のりこえる	のりこえた	2-2																							
みだれる	みだれた	2-2																							
ことよせる	ことよせた	2-2																							
かきまぜる	かきまぜた	2-2																							
まじえる	まじえた	2-2																							
しあげる	しあげた	2-2																							
しつける	しつけた	2-2																							
しいれる	しいれた	2-2																							
しわける	しわけた	2-2																							
しむける	しむけた	2-2																							
しかける	しかけた	2-2																							
しかえる	しかえた	2-2																							
しとめる	しとめた	2-2																							
したてあげる	したてあげた	2-2																							
じたてる	じたてた	2-2																							
つけくわえる	つけくわえた	2-2																							
どやしつける	どやしつけた	2-2																							
くっつける	くっつけた	2-2																							
つける	つけた	2-2																							
つけあわせる	つけあわせた	2-2																							
つけかえる	つけかえた	2-2																							
おおせつける	おおせつけた	2-2																							
あおむける	あおむけた	2-2																							
くわだてる	くわだてた	2-2																							
うつぶせる	うつぶせた	2-2																							
ふせる	ふせた	2-2																							
やすめる	やすめた	2-2																							
つたえる	つたえた	2-2																							
にせる	にせた	2-2																							
ひくめる	ひくめた	2-2																							
すみわける	すみわけた	2-2																							
すみかえる	すみかえた	2-2																							
つくりあげる	つくりあげた	2-2																							
つくりつける	つくりつけた	2-2																							
つくりかえる	つくりかえた	2-2																							
つくりたてる	つくりたてた	2-2																							
つかいわける	つかいわけた	2-2																							
つかえる	つかえた	2-2																							
たとえる	たとえた	2-2																							
そなえる	そなえた	2-2																							
おさめる	おさめた	2-2																							
うつむける	うつむけた	2-2																							
ぶったおれる	ぶったおれた	2-2																							
たおれる	たおれた	2-2																							
かりあげる	かりあげた	2-2																							
かりいれる	かりいれた	2-2																							
かりうける	かりうけた	2-2																							
かりかえる	かりかえた	2-2																							
かりあつめる	かりあつめた	2-2																							
あぐねる	あぐねた	2-2																							
うみつかれる	うみつかれた	2-2																							
そばめる	そばめた	2-2																							
そなえつける	そなえつけた	2-2																							
きずつける	きずつけた	2-2																							
かしげる	かしげた	2-2																							
かたむける	かたむけた	2-2																							
はたらきかける	はたらきかけた	2-2																							
すぐれる	すぐれた	2-2																							
もうける	もうけた	2-2																							
さきだてる	さきだてた	2-2																							
さきがける	さきがけた	2-2																							
まぬがれる	まぬがれた	2-2																							
いりみだれる	いりみだれた	2-2																							
いれあわせる	いれあわせた	2-2																							
いれあげる	いれあげた	2-2																							
いれかえる	いれかえた	2-2																							
いれちがえる	いれちがえた	2-2																							
かねそなえる	かねそなえた	2-2																							
かねる	かねた	2-2																							
さえる	さえた	2-2																							
ひえる	ひえた	2-2																							
いてる	いてた	2-2																							
もたれる	もたれた	2-2																							
くぼめる	くぼめた	2-2																							
しゃしゃりでる	しゃしゃりでた	2-2																							
まかりでる	まかりでた	2-2																							
はみでる	はみでた	2-2																							
でる	でた	2-2																							
いでる	いでた	2-2																							
でかける	でかけた	2-2																							
ではずれる	ではずれた	2-2																							
でむかえる	でむかえた	2-2																							
でおくれる	でおくれた	2-2																							
わけあたえる	わけあたえた	2-2																							
ふるいわける	ふるいわけた	2-2																							
わける	わけた	2-2																							
わかれる	わかれた	2-2																							
きりあげる	きりあげた	2-2																							
きりさげる	きりさげた	2-2																							
きりふせる	きりふせた	2-2																							
きりわける	きりわけた	2-2																							
はちきれる	はちきれた	2-2																							
きれる	きれた	2-2																							
きりつける	きりつけた	2-2																							
きりぬける	きりぬけた	2-2																							
きりすてる	きりすてた	2-2																							
きりそろえる	きりそろえた	2-2																							
きりかえる	きりかえた	2-2																							
きりたてる	きりたてた	2-2																							
きりつめる	きりつめた	2-2																							
きりはなれる	きりはなれた	2-2																							
はじめる	はじめた	2-2																							
こそげる	こそげた	2-2																							
えぐれる	えぐれた	2-2																							
すりあげる	すりあげた	2-2																							
きざみつける	きざみつけた	2-2																							
そげる	そげた	2-2																							
けずれる	けずれた	2-2																							
むける	むけた	2-2																							
はがれる	はがれた	2-2																							
わりつける	わりつけた	2-2																							
わりきれる	わりきれた	2-2																							
ひびわれる	ひびわれた	2-2																							
われる	われた	2-2																							
わりあてる	わりあてた	2-2																							
ひょうげる	ひょうげた	2-2																							
ちからづける	ちからづけた	2-2																							
くわえる	くわえた	2-2																							
たすけあげる	たすけあげた	2-2																							
たすける	たすけた	2-2																							
つとめる	つとめた	2-2																							
かちえる	かちえた	2-2																							
つとめあげる	つとめあげた	2-2																							
すすめる	すすめた	2-2																							
つつめる	つつめた	2-2																							
ばける	ばけた	2-2																							
ちぎれる	ちぎれた	2-2																							
いやしめる	いやしめた	2-2																							
あやめる	あやめた	2-2																							
とりあげる	とりあげた	2-2																							
とりさげる	とりさげた	2-2																							
とりつける	とりつけた	2-2																							
とりいれる	とりいれた	2-2																							
とりわける	とりわけた	2-2																							
とっちめる	とっちめた	2-2																							
とりまとめる	とりまとめた	2-2																							
とりあわせる	とりあわせた	2-2																							
とりよせる	とりよせた	2-2																							
とりひろげる	とりひろげた	2-2																							
とりおさえる	とりおさえた	2-2																							
とりそろえる	とりそろえた	2-2																							
とりかえる	とりかえた	2-2																							
とりとめる	とりとめた	2-2																							
とりきめる	とりきめた	2-2																							
とりまぜる	とりまぜた	2-2																							
とりたてる	とりたてた	2-2																							
とりこめる	とりこめた	2-2																							
とりまぎれる	とりまぎれた	2-2																							
とりしらべる	とりしらべた	2-2																							
とりちがえる	とりちがえた	2-2																							
とりしずめる	とりしずめた	2-2																							
とりあつめる	とりあつめた	2-2																							
うけつける	うけつけた	2-2																							
うけいれる	うけいれた	2-2																							
うける	うけた	2-2																							
うけとめる	うけとめた	2-2																							
くちづける	くちづけた	2-2																							
ふるぼける	ふるぼけた	2-2																							
たたきあげる	たたきあげた	2-2																							
たたきふせる	たたきふせた	2-2																							
たたきつける	たたきつけた	2-2																							
めしあげる	めしあげた	2-2																							
めしいれる	めしいれた	2-2																							
めしよせる	めしよせた	2-2																							
めしかかえる	めしかかえた	2-2																							
めしつれる	めしつれた	2-2																							
しかりつける	しかりつけた	2-2																							
かなえる	かなえた	2-2																							
かみあわせる	かみあわせた	2-2																							
あわせる	あわせた	2-2																							
つりあげる	つりあげた	2-2																							
つるしあげる	つるしあげた	2-2																							
つりさげる	つりさげた	2-2																							
なのりでる	なのりでた	2-2																							
なづける	なづけた	2-2																							
はきすてる	はきすてた	2-2																							
むかいあわせる	むかいあわせた	2-2																							
むけかえる	むけかえた	2-2																							
ほえる	ほえた	2-2																							
ふくめる	ふくめた	2-2																							
すいあげる	すいあげた	2-2																							
すいつける	すいつけた	2-2																							
すいいれる	すいいれた	2-2																							
すいよせる	すいよせた	2-2																							
ふきあげる	ふきあげた	2-2																							
ふきつける	ふきつけた	2-2																							
ふきでる	ふきでた	2-2																							
ふきわける	ふきわけた	2-2																							
ふっきれる	ふっきれた	2-2																							
ふきかける	ふきかけた	2-2																							
ふきこぼれる	ふきこぼれた	2-2																							
ふきよせる	ふきよせた	2-2																							
ふきぬける	ふきぬけた	2-2																							
ふっかける	ふっかけた	2-2																							
ふきあれる	ふきあれた	2-2																							
ぼける	ぼけた	2-2																							
あきれる	あきれた	2-2																							
つげる	つげた	2-2																							
よびあげる	よびあげた	2-2																							
よびつける	よびつけた	2-2																							
よびいれる	よびいれた	2-2																							
よびかける	よびかけた	2-2																							
よびよせる	よびよせた	2-2																							
よびとめる	よびとめた	2-2																							
よびたてる	よびたてた	2-2																							
よびむかえる	よびむかえた	2-2																							
よびあつめる	よびあつめた	2-2																							
あえる	あえた	2-2																							
なごめる	なごめた	2-2																							
やわらげる	やわらげた	2-2																							
とがめる	とがめた	2-2																							
さきみだれる	さきみだれた	2-2																							
さきこぼれる	さきこぼれた	2-2																							
せきあげる	せきあげた	2-2																							
となえる	となえた	2-2																							
といかける	といかけた	2-2																							
といあわせる	といあわせた	2-2																							
といつめる	といつめた	2-2																							
わめきたてる	わめきたてた	2-2																							
しわがれる	しわがれた	2-2																							
かぎつける	かぎつけた	2-2																							
かぎわける	かぎわけた	2-2																							
かぎあてる	かぎあてた	2-2																							
けしかける	けしかけた	2-2																							
かみわける	かみわけた	2-2																							
かみしめる	かみしめた	2-2																							
ずぬける	ずぬけた	2-2																							
かためる	かためた	2-2																							
たれさげる	たれさげた	2-2																							
たれる	たれた	2-2																							
たれこめる	たれこめた	2-2																							
あかぬける	あかぬけた	2-2																							
うめる	うめた	2-2																							
うずもれる	うずもれた	2-2																							
うめあわせる	うめあわせた	2-2																							
うめたてる	うめたてた	2-2																							
ぬりつける	ぬりつけた	2-2																							
まみれる	まみれた	2-2																							
ぬりたてる	ぬりたてた	2-2																							
ぬりかためる	ぬりかためた	2-2																							
ぬりかえる	ぬりかえた	2-2																							
ぬりこめる	ぬりこめた	2-2																							
ふさげる	ふさげた	2-2																							
ふえる	ふえた	2-2																							
こわれる	こわれた	2-2																							
うりきれる	うりきれた	2-2																							
うりつける	うりつけた	2-2																							
うりひろめる	うりひろめた	2-2																							
うりぬける	うりぬけた	2-2																							
うせる	うせた	2-2																							
さまたげる	さまたげた	2-2																							
ゆだねる	ゆだねた	2-2																							
ぞんじあげる	ぞんじあげた	2-2																							
もりたてる	もりたてた	2-2																							
さだめる	さだめた	2-2																							
なだめる	なだめた	2-2																							
さびれる	さびれた	2-2																							
よせつける	よせつけた	2-2																							
おびきよせる	おびきよせた	2-2																							
よせる	よせた	2-2																							
よそえる	よそえた	2-2																							
よせかける	よせかけた	2-2																							
よせあつめる	よせあつめた	2-2																							
くつろげる	くつろげた	2-2																							
ねれる	ねれた	2-2																							
ねかせる	ねかせた	2-2																							
ねざめる	ねざめた	2-2																							
ねちがえる	ねちがえた	2-2																							
ふうじこめる	ふうじこめた	2-2																							
いすくめる	いすくめた	2-2																							
いかける	いかけた	2-2																							
いとめる	いとめた	2-2																							
たずねる	たずねた	2-2																							
みちびきいれる	みちびきいれた	2-2																							
すがれる	すがれた	2-2																							
いあわせる	いあわせた	2-2																							
いつづける	いつづけた	2-2																							
かがめる	かがめた	2-2																							
とどけでる	とどけでた	2-2																							
とどけいでる	とどけいでた	2-2																							
とどける	とどけた	2-2																							
はきかえる	はきかえた	2-2																							
あがめる	あがめた	2-2																							
くずれる	くずれた	2-2																							
くずおれる	くずおれた	2-2																							
はめる	はめた	2-2																							
ふざける	ふざけた	2-2																							
さしあげる	さしあげた	2-2																							
さしつける	さしつけた	2-2																							
さしのべる	さしのべた	2-2																							
さしいれる	さしいれた	2-2																							
さしむける	さしむけた	2-2																							
さしかためる	さしかためた	2-2																							
さしおさえる	さしおさえた	2-2																							
さしかける	さしかけた	2-2																							
さしひかえる	さしひかえた	2-2																							
さしかえる	さしかえた	2-2																							
さしつかえる	さしつかえた	2-2																							
さしとめる	さしとめた	2-2																							
さしたてる	さしたてた	2-2																							
さしこえる	さしこえた	2-2																							
さしちがえる	さしちがえた	2-2																							
まきあげる	まきあげた	2-2																							
まきつける	まきつけた	2-2																							
ひわれる	ひわれた	2-2																							
ほしかためる	ほしかためた	2-2																							
たいらげる	たいらげた	2-2																							
としたける	としたけた	2-2																							
ひろめる	ひろめた	2-2																							
すたれる	すたれた	2-2																							
のべる	のべた	2-2																							
たてかえる	たてかえた	2-2																							
わきまえる	わきまえた	2-2																							
べんじたてる	べんじたてた	2-2																							
ひきあげる	ひきあげた	2-2																							
ひきさげる	ひきさげた	2-2																							
ひきつける	ひきつけた	2-2																							
ひきいれる	ひきいれた	2-2																							
ひきわける	ひきわけた	2-2																							
ひける	ひけた	2-2																							
ひっくるめる	ひっくるめた	2-2																							
ひきうける	ひきうけた	2-2																							
ひきよせる	ひきよせた	2-2																							
ひきあてる	ひきあてた	2-2																							
ひっかかえる	ひっかかえた	2-2																							
ひっとらえる	ひっとらえた	2-2																							
ひっつかまえる	ひっつかまえた	2-2																							
ひきすえる	ひきすえた	2-2																							
ひっかける	ひっかけた	2-2																							
ひっさげる	ひっさげた	2-2																							
ひきかえる	ひきかえた	2-2																							
ひきとめる	ひきとめた	2-2																							
ひきくらべる	ひきくらべた	2-2																							
ひきたてる	ひきたてた	2-2																							
ひきしめる	ひきしめた	2-2																							
ひっつめる	ひっつめた	2-2																							
ひっこめる	ひっこめた	2-2																							
ひきつれる	ひきつれた	2-2																							
ひきあける	ひきあけた	2-2																							
ゆるめる	ゆるめた	2-2																							
よわめる	よわめた	2-2																							
はりあげる	はりあげた	2-2																							
はりかえる	はりかえた	2-2																							
はりさける	はりさけた	2-2																							
はりつめる	はりつめた	2-2																							
つよめる	つよめた	2-2																							
はじける	はじけた	2-2																							
あてる	あてた	2-2																							
あてつける	あてつけた	2-2																							
ほりあげる	ほりあげた	2-2																							
ほりつける	ほりつけた	2-2																							
やくだてる	やくだてた	2-2																							
まちぶせる	まちぶせた	2-2																							
まちうける	まちうけた	2-2																							
まちあわせる	まちあわせた	2-2																							
まちかまえる	まちかまえた	2-2																							
まちこがれる	まちこがれた	2-2																							
まちもうける	まちもうけた	2-2																							
したがえる	したがえた	2-2																							
さらえる	さらえた	2-2																							
こころがける	こころがけた	2-2																							
こころえる	こころえた	2-2																							
しのばせる	しのばせた	2-2																							
わすれる	わすれた	2-2																							
こたえる	こたえた	2-2																							
どなりつける	どなりつけた	2-2																							
おじける	おじけた	2-2																							
おもいみだれる	おもいみだれた	2-2																							
おもえる	おもえた	2-2																							
おもいあわせる	おもいあわせた	2-2																							
おもいさだめる	おもいさだめた	2-2																							
おもいうかべる	おもいうかべた	2-2																							
おもいこがれる	おもいこがれた	2-2																							
おもいもうける	おもいもうけた	2-2																							
なまける	なまけた	2-2																							
せかせる	せかせた	2-2																							
せきたてる	せきたてた	2-2																							
おびえる	おびえた	2-2																							
こいこがれる	こいこがれた	2-2																							
おそれる	おそれた	2-2																							
めぐまれる	めぐまれた	2-2																							
しょげる	しょげた	2-2																							
くいあらためる	くいあらためた	2-2																							
わるびれる	わるびれた	2-2																							
もだえる	もだえた	2-2																							
ぼれる	ぼれた	2-2																							
のろける	のろけた	2-2																							
めでる	めでた	2-2																							
あわてる	あわてた	2-2																							
なぐさめる	なぐさめた	2-2																							
うれえる	うれえた	2-2																							
あこがれる	あこがれた	2-2																							
なつける	なつけた	2-2																							
こらしめる	こらしめた	2-2																							
かけへだてる	かけへだてた	2-2																							
なしとげる	なしとげた	2-2																							
いましめる	いましめた	2-2																							
たわける	たわけた	2-2																							
たわむれる	たわむれた	2-2																							
てがける	てがけた	2-2																							
てなずける	てなずけた	2-2																							
たむける	たむけた	2-2																							
てなれる	てなれた	2-2																							
てびかえる	てびかえた	2-2																							
てずれる	てずれた	2-2																							
たぐりよせる	たぐりよせた	2-2																							
うちあげる	うちあげた	2-2																							
うちつける	うちつけた	2-2																							
ぶちまける	ぶちまけた	2-2																							
うちあわせる	うちあわせた	2-2																							
うちかためる	うちかためた	2-2																							
うちよせる	うちよせた	2-2																							
うちあてる	うちあてた	2-2																							
うちすてる	うちすてた	2-2																							
うちすえる	うちすえた	2-2																							
うちながめる	うちながめた	2-2																							
うちたてる	うちたてた	2-2																							
うちとける	うちとけた	2-2																							
うちまける	うちまけた	2-2																							
うちつれる	うちつれた	2-2																							
うちあける	うちあけた	2-2																							
うちふるえる	うちふるえた	2-2																							
はらいさげる	はらいさげた	2-2																							
はらいのける	はらいのけた	2-2																							
はらいきよめる	はらいきよめた	2-2																							
こじあける	こじあけた	2-2																							
おさえる	おさえた	2-2																							
なげあげる	なげあげた	2-2																							
なげいれる	なげいれた	2-2																							
ぶんなげる	ぶんなげた	2-2																							
なげる	なげた	2-2																							
なげかける	なげかけた	2-2																							
なげすてる	なげすてた	2-2																							
おれる	おれた	2-2																							
おりまげる	おりまげた	2-2																							
おりかさねる	おりかさねた	2-2																							
ぬきんでる	ぬきんでた	2-2																							
ぬけでる	ぬけでた	2-2																							
くぐりぬける	くぐりぬけた	2-2																							
すりぬける	すりぬけた	2-2																							
ぬける	ぬけた	2-2																							
ぬきあわせる	ぬきあわせた	2-2																							
だきあげる	だきあげた	2-2																							
かかえる	かかえた	2-2																							
だきしめる	だきしめた	2-2																							
だきすくめる	だきすくめた	2-2																							
だきあわせる	だきあわせた	2-2																							
だきかかえる	だきかかえた	2-2																							
おしあげる	おしあげた	2-2																							
おしさげる	おしさげた	2-2																							
おしつける	おしつけた	2-2																							
おしいれる	おしいれた	2-2																							
おしわける	おしわけた	2-2																							
おしかける	おしかけた	2-2																							
おさえつける	おさえつけた	2-2																							
おしよせる	おしよせた	2-2																							
おしひろめる	おしひろめた	2-2																							
おしあてる	おしあてた	2-2																							
おしたてる	おしたてた	2-2																							
おしつめる	おしつめた	2-2																							
おしこめる	おしこめた	2-2																							
おしすすめる	おしすすめた	2-2																							
おしひらける	おしひらけた	2-2																							
かつぎあげる	かつぎあげた	2-2																							
ひしげる	ひしげた	2-2																							
すねる	すねた	2-2																							
ねじける	ねじけた	2-2																							
まねきいれる	まねきいれた	2-2																							
まねきよせる	まねきよせた	2-2																							
くくりつける	くくりつけた	2-2																							
くびれる	くびれた	2-2																							
ごしらえる	ごしらえた	2-2																							
ひろいあげる	ひろいあげた	2-2																							
もちあげる	もちあげた	2-2																							
もてる	もてた	2-2																							
もちかける	もちかけた	2-2																							
もちあわせる	もちあわせた	2-2																							
もちこたえる	もちこたえた	2-2																							
もちかえる	もちかえた	2-2																							
もちそえる	もちそえた	2-2																							
はさみあげる	はさみあげた	2-2																							
くじける	くじけた	2-2																							
ふりあげる	ふりあげた	2-2																							
ふりつける	ふりつけた	2-2																							
ふりわける	ふりわけた	2-2																							
ふれる	ふれた	2-2																							
ふりかける	ふりかけた	2-2																							
ふりむける	ふりむけた	2-2																							
ふりあてる	ふりあてた	2-2																							
ふりすてる	ふりすてた	2-2																							
ふりたてる	ふりたてた	2-2																							
いれる	いれた	2-2																							
とらえる	とらえた	2-2																							
はける	はけた	2-2																							
つくねる	つくねた	2-2																							
とっつかまえる	とっつかまえた	2-2																							
とれる	とれた	2-2																							
つかまえる	つかまえた	2-2																							
とらわれる	とらわれた	2-2																							
ささげる	ささげた	2-2																							
かなぐりすてる	かなぐりすてた	2-2																							
すてる	すてた	2-2																							
ねじあげる	ねじあげた	2-2																							
ねじれる	ねじれた	2-2																							
ねじくれる	ねじくれた	2-2																							
ねじむける	ねじむけた	2-2																							
すえつける	すえつけた	2-2																							
すえる	すえた	2-2																							
まくれる	まくれた	2-2																							
ねじふせる	ねじふせた	2-2																							
さずける	さずけた	2-2																							
ほりさげる	ほりさげた	2-2																							
ほりあてる	ほりあてた	2-2																							
もたせかける	もたせかけた	2-2																							
ぶっかける	ぶっかけた	2-2																							
かける	かけた	2-2																							
かけあわせる	かけあわせた	2-2																							
かけはなれる	かけはなれた	2-2																							
かすめる	かすめた	2-2																							
さがしあてる	さがしあてた	2-2																							
はぎあわせる	はぎあわせた	2-2																							
ひかえる	ひかえた	2-2																							
かかげる	かかげた	2-2																							
かきあげる	かきあげた	2-2																							
かきわける	かきわけた	2-2																							
かきあわせる	かきあわせた	2-2																							
かきよせる	かきよせた	2-2																							
かきなでる	かきなでた	2-2																							
かききえる	かききえた	2-2																							
かきたてる	かきたてた	2-2																							
かきあつめる	かきあつめた	2-2																							
そろえる	そろえた	2-2																							
もめる	もめた	2-2																							
もみたてる	もみたてた	2-2																							
にぎりしめる	にぎりしめた	2-2																							
ゆれる	ゆれた	2-2																							
ゆすれる	ゆすれた	2-2																							
たずさえる	たずさえた	2-2																							
つまみあげる	つまみあげた	2-2																							
うちとめる	うちとめた	2-2																							
いためる	いためた	2-2																							
はねつける	はねつけた	2-2																							
はねる	はねた	2-2																							
なであげる	なであげた	2-2																							
なでる	なでた	2-2																							
もたげる	もたげた	2-2																							
こすりつける	こすりつけた	2-2																							
すりきれる	すりきれた	2-2																							
すりむける	すりむけた	2-2																							
ずれる	ずれた	2-2																							
つれる	つれた	2-2																							
ささえる	ささえた	2-2																							
あらためる	あらためた	2-2																							
せめる	せめた	2-2																							
せめよせる	せめよせた	2-2																							
せめたてる	せめたてた	2-2																							
ほうりあげる	ほうりあげた	2-2																							
はなれる	はなれた	2-2																							
ほうりなげる	ほうりなげた	2-2																							
すくいあげる	すくいあげた	2-2																							
やぶれる	やぶれた	2-2																							
おしえる	おしえた	2-2																							
ちりみだれる	ちりみだれた	2-2																							
ちりばめる	ちりばめた	2-2																							
かぞえあげる	かぞえあげた	2-2																							
かぞえる	かぞえた	2-2																							
かぞえたてる	かぞえたてた	2-2																							
ととのえる	ととのえた	2-2																							
しきつめる	しきつめた	2-2																							
たびなれる	たびなれた	2-2																							
はやめる	はやめた	2-2																							
あきらめる	あきらめた	2-2																							
あけはなれる	あけはなれた	2-2																							
あけくれる	あけくれた	2-2																							
しける	しけた	2-2																							
くれる	くれた	2-2																							
あばれる	あばれた	2-2																							
ねじまげる	ねじまげた	2-2																							
まげる	まげた	2-2																							
かきならべる	かきならべた	2-2																							
かきつける	かきつけた	2-2																							
かきつたえる	かきつたえた	2-2																							
かきいれる	かきいれた	2-2																							
かきくわえる	かきくわえた	2-2																							
かきすてる	かきすてた	2-2																							
かきかえる	かきかえた	2-2																							
かきあらためる	かきあらためた	2-2																							
かきそえる	かきそえた	2-2																							
かきためる	かきためた	2-2																							
かきとめる	かきとめた	2-2																							
かきつらねる	かきつらねた	2-2																							
すりかえる	すりかえた	2-2																							
しゃくれる	しゃくれた	2-2																							
たばねる	たばねた	2-2																							
きあわせる	きあわせた	2-2																							
はてる	はてた	2-2																							
おおせる	おおせた	2-2																							
しだれる	しだれた	2-2																							
かれる	かれた	2-2																							
そめあげる	そめあげた	2-2																							
そめつける	そめつけた	2-2																							
そめわける	そめわけた	2-2																							
さかえる	さかえた	2-2																							
うえつける	うえつけた	2-2																							
うえかえる	うえかえた	2-2																							
きわめる	きわめた	2-2																							
たのしめる	たのしめた	2-2																							
かまえる	かまえた	2-2																							
よこたえる	よこたえた	2-2																							
そばだてる	そばだてた	2-2																							
うたいあげる	うたいあげた	2-2																							
せきとめる	せきとめた	2-2																							
ゆがめる	ゆがめた	2-2																							
なぐりつける	なぐりつけた	2-2																							
こぼれる	こぼれた	2-2																							
くらべる	くらべた	2-2																							
かぶれる	かぶれた	2-2																							
ながらえる	ながらえた	2-2																							
もとめる	もとめた	2-2																							
よごれる	よごれた	2-2																							
くみあげる	くみあげた	2-2																							
くみいれる	くみいれた	2-2																							
くみわける	くみわけた	2-2																							
きめつける	きめつけた	2-2																							
きめる	きめた	2-2																							
しずめる	しずめた	2-2																							
あわだてる	あわだてた	2-2																							
なきわかれる	なきわかれた	2-2																							
なきくずれる	なきくずれた	2-2																							
なきたてる	なきたてた	2-2																							
そそぎいれる	そそぎいれた	2-2																							
しゃれる	しゃれた	2-2																							
あらいあげる	あらいあげた	2-2																							
ほめる	ほめた	2-2																							
あらいきよめる	あらいきよめた	2-2																							
あらいたてる	あらいたてた	2-2																							
ながれでる	ながれでた	2-2																							
ながれる	ながれた	2-2																							
うかれでる	うかれでた	2-2																							
うきでる	うきでた	2-2																							
うかびでる	うかびでた	2-2																							
うかべる	うかべた	2-2																							
あびせる	あびせた	2-2																							
あびせかける	あびせかけた	2-2																							
きえる	きえた	2-2																							
けしとめる	けしとめた	2-2																							
よなげる	よなげた	2-2																							
ふかめる	ふかめた	2-2																							
まぜる	まぜた	2-2																							
まぜあわせる	まぜあわせた	2-2																							
そえる	そえた	2-2																							
そいとげる	そいとげた	2-2																							
きよめる	きよめた	2-2																							
あたためる	あたためた	2-2																							
わきでる	わきでた	2-2																							
しっける	しっけた	2-2																							
なずらえる	なずらえた	2-2																							
あふれでる	あふれでた	2-2																							
あふれる	あふれた	2-2																							
おぼれる	おぼれた	2-2																							
すべりでる	すべりでた	2-2																							
もれる	もれた	2-2																							
こぎよせる	こぎよせた	2-2																							
こぎつける	こぎつけた	2-2																							
づける	づけた	2-2																							
ひそめる	ひそめた	2-2																							
ほとける	ほとけた	2-2																							
しおたれる	しおたれた	2-2																							
つぶれる	つぶれた	2-2																							
ぬれる	ぬれた	2-2																							
たきあげる	たきあげた	2-2																							
なせる	なせた	2-2																							
たきつける	たきつけた	2-2																							
たきしめる	たきしめた	2-2																							
こげる	こげた	2-2																							
こがれる	こがれた	2-2																							
やきあげる	やきあげた	2-2																							
やきつける	やきつけた	2-2																							
やける	やけた	2-2																							
やきすてる	やきすてた	2-2																							
やけこげる	やけこげた	2-2																							
せんじつめる	せんじつめた	2-2																							
すすける	すすけた	2-2																							
てれる	てれた	2-2																							
てりつける	てりつけた	2-2																							
てらしあわせる	てらしあわせた	2-2																							
てりはえる	てりはえた	2-2																							
につける	につけた	2-2																							
にえる	にえた	2-2																							
にしめる	にしめた	2-2																							
にたてる	にたてた	2-2																							
につめる	につめた	2-2																							
おだてる	おだてた	2-2																							
あおりたてる	あおりたてた	2-2																							
うれる	うれた	2-2																							
もえる	もえた	2-2																							
くすべる	くすべた	2-2																							
はぜる	はぜた	2-2																							
ただれる	ただれた	2-2																							
かたづける	かたづけた	2-2																							
かたよせる	かたよせた	2-2																							
ものなれる	ものなれた	2-2																							
なれる	なれた	2-2																							
せばめる	せばめた	2-2																							
うろたえる	うろたえた	2-2																							
あらわれでる	あらわれでた	2-2																							
あらわれる	あらわれた	2-2																							
あまえる	あまえた	2-2																							
うみつける	うみつけた	2-2																							
うまれでる	うまれでた	2-2																							
はえでる	はえでた	2-2																							
はえる	はえた	2-2																							
うまれる	うまれた	2-2																							
うまれあわせる	うまれあわせた	2-2																							
いきながらえる	いきながらえた	2-2																							
ようだてる	ようだてた	2-2																							
もうしあげる	もうしあげた	2-2																							
もうしつける	もうしつけた	2-2																							
もうしつたえる	もうしつたえた	2-2																							
もうしいれる	もうしいれた	2-2																							
もうしでる	もうしでた	2-2																							
もうしうける	もうしうけた	2-2																							
もうしあわせる	もうしあわせた	2-2																							
もうしそえる	もうしそえた	2-2																							
もうしたてる	もうしたてた	2-2																							
もうしきかせる	もうしきかせた	2-2																							
もうしのべる	もうしのべた	2-2																							
とめる	とめた	2-2																							
つがえる	つがえた	2-2																							
たたみかける	たたみかけた	2-2																							
つかれる	つかれた	2-2																							
かせる	かせた	2-2																							
やめる	やめた	2-2																							
やみほうける	やみほうけた	2-2																							
いためつける	いためつけた	2-2																							
やせる	やせた	2-2																							
やせこける	やせこけた	2-2																							
やせおとろえる	やせおとろえた	2-2																							
しびれる	しびれた	2-2																							
しらける	しらけた	2-2																							
しらちゃける	しらちゃけた	2-2																							
もりあげる	もりあげた	2-2																							
もりつける	もりつけた	2-2																							
もりあわせる	もりあわせた	2-2																							
めつける	めつけた	2-2																							
めがける	めがけた	2-2																							
めざめる	めざめた	2-2																							
すがめる	すがめた	2-2																							
まねる	まねた	2-2																							
ねむりこける	ねむりこけた	2-2																							
ながめる	ながめた	2-2																							
きがえる	きがえた	2-2																							
きぶくれる	きぶくれた	2-2																							
ねめつける	ねめつけた	2-2																							
にらめる	にらめた	2-2																							
にらみつける	にらみつけた	2-2																							
にらみあわせる	にらみあわせた	2-2																							
にらみすえる	にらみすえた	2-2																							
しれる	しれた	2-2																							
くだける	くだけた	2-2																							
たしかめる	たしかめた	2-2																							
みがきあげる	みがきあげた	2-2																							
みがきたてる	みがきたてた	2-2																							
まつりあげる	まつりあげた	2-2																							
はげる	はげた	2-2																							
ひいでる	ひいでた	2-2																							
ひめる	ひめた	2-2																							
たたえる	たたえた	2-2																							
うつしかえる	うつしかえた	2-2																							
つみあげる	つみあげた	2-2																							
つみかえる	つみかえた	2-2																							
つみたてる	つみたてた	2-2																							
つみかさねる	つみかさねた	2-2																							
そらとぼける	そらとぼけた	2-2																							
つきあげる	つきあげた	2-2																							
つきつける	つきつけた	2-2																							
つきいれる	つきいれた	2-2																							
あける	あけた	2-2																							
つきでる	つきでた	2-2																							
つきのける	つきのけた	2-2																							
つきぬける	つきぬけた	2-2																							
つっぱねる	つっぱねた	2-2																							
つきとめる	つきとめた	2-2																							
つきたてる	つきたてた	2-2																							
つきつめる	つきつめた	2-2																							
つぼめる	つぼめた	2-2																							
たしなめる	たしなめた	2-2																							
やつれる	やつれた	2-2																							
たちあげる	たちあげた	2-2																							
まくしたてる	まくしたてた	2-2																							
たてる	たてた	2-2																							
たちおくれる	たちおくれた	2-2																							
たてかける	たてかけた	2-2																							
たちぎえる	たちぎえた	2-2																							
たちあらわれる	たちあらわれた	2-2																							
たちこめる	たちこめた	2-2																							
すくめる	すくめた	2-2																							
せりあげる	せりあげた	2-2																							
せりまける	せりまけた	2-2																							
わらえる	わらえた	2-2																							
わらいこける	わらいこけた	2-2																							
わらいかける	わらいかけた	2-2																							
わらいころげる	わらいころげた	2-2																							
きずきあげる	きずきあげた	2-2																							
しらげる	しらげた	2-2																							
つづめる	つづめた	2-2																							
ひもづける	ひもづけた	2-2																							
まぎれる	まぎれた	2-2																							
ほそめる	ほそめた	2-2																							
おえる	おえた	2-2																							
くみふせる	くみふせた	2-2																							
くみあわせる	くみあわせた	2-2																							
くみかえる	くみかえた	2-2																							
くみたてる	くみたてた	2-2																							
くける	くけた	2-2																							
ゆいあげる	ゆいあげた	2-2																							
ゆわえつける	ゆわえつけた	2-2																							
ゆいつける	ゆいつけた	2-2																							
むすびつける	むすびつけた	2-2																							
ゆわえる	ゆわえた	2-2																							
むすびあわせる	むすびあわせた	2-2																							
しぼりあげる	しぼりあげた	2-2																							
たえる	たえた	2-2																							
つぎあわせる	つぎあわせた	2-2																							
つづける	つづけた	2-2																							
わがねる	わがねた	2-2																							
とじあわせる	とじあわせた	2-2																							
つづりあわせる	つづりあわせた	2-2																							
ちぢめる	ちぢめた	2-2																							
しめあげる	しめあげた	2-2																							
しめつける	しめつけた	2-2																							
あみあげる	あみあげた	2-2																							
ねりあげる	ねりあげた	2-2																							
ねりあわせる	ねりあわせた	2-2																							
ねりかためる	ねりかためた	2-2																							
えんづける	えんづけた	2-2																							
よれる	よれた	2-2																							
よりあわせる	よりあわせた	2-2																							
しばりあげる	しばりあげた	2-2																							
しばりつける	しばりつけた	2-2																							
しばれる	しばれた	2-2																							
ぬいあげる	ぬいあげた	2-2																							
ぬいつける	ぬいつけた	2-2																							
ぬいあわせる	ぬいあわせた	2-2																							
もつれる	もつれた	2-2																							
つなげる	つなげた	2-2																							
つなぎとめる	つなぎとめた	2-2																							
おりあげる	おりあげた	2-2																							
おりあわせる	おりあわせた	2-2																							
くりあげる	くりあげた	2-2																							
くりさげる	くりさげた	2-2																							
くりいれる	くりいれた	2-2																							
くりあわせる	くりあわせた	2-2																							
くりよせる	くりよせた	2-2																							
くりひろげる	くりひろげた	2-2																							
くりのべる	くりのべた	2-2																							
くりかえる	くりかえた	2-2																							
まとめる	まとめた	2-2																							
むれる	むれた	2-2																							
おいぼれる	おいぼれた	2-2																							
かんがえる	かんがえた	2-2																							
かんがえあわせる	かんがえあわせた	2-2																							
みみなれる	みみなれた	2-2																							
ききつたえる	ききつたえた	2-2																							
ききいれる	ききいれた	2-2																							
ききわける	ききわけた	2-2																							
きける	きけた	2-2																							
きこえる	きこえた	2-2																							
ききつける	ききつけた	2-2																							
ききとがめる	ききとがめた	2-2																							
ききあわせる	ききあわせた	2-2																							
ききとどける	ききとどけた	2-2																							
ききわすれる	ききわすれた	2-2																							
ききおぼえる	ききおぼえた	2-2																							
ききちがえる	ききちがえた	2-2																							
そびえる	そびえた	2-2																							
こえる	こえた	2-2																							
そだてあげる	そだてあげた	2-2																							
そだてる	そだてた	2-2																							
そむける	そむけた	2-2																							
おどしつける	おどしつけた	2-2																							
ぬげる	ぬげた	2-2																							
ぬぎすてる	ぬぎすてた	2-2																							
ふてくされる	ふてくされた	2-2																							
くされる	くされた	2-2																							
ふがぬける	ふがぬけた	2-2																							
はれる	はれた	2-2																							
こしかける	こしかけた	2-2																							
ふくれる	ふくれた	2-2																							
ろうたける	ろうたけた	2-2																							
うぬぼれる	うぬぼれた	2-2																							
きょうざめる	きょうざめた	2-2																							
なめる	なめた	2-2																							
まいおさめる	まいおさめた	2-2																							
いろづける	いろづけた	2-2																							
いろあせる	いろあせた	2-2																							
めばえる	めばえた	2-2																							
いじめる	いじめた	2-2																							
いらだてる	いらだてた	2-2																							
わかげる	わかげた	2-2																							
くるしめる	くるしめた	2-2																							
ゆであげる	ゆであげた	2-2																							
ゆでる	ゆでた	2-2																							
くたびれる	くたびれた	2-2																							
あれる	あれた	2-2																							
あららげる	あららげた	2-2																							
あらだてる	あらだてた	2-2																							
なえる	なえた	2-2																							
おちつける	おちつけた	2-2																							
たくわえる	たくわえた	2-2																							
とろける	とろけた	2-2																							
うすめる	うすめた	2-2																							
うすよごれる	うすよごれた	2-2																							
しいたげる	しいたげた	2-2																							
いきつける	いきつけた	2-2																							
ゆきあわせる	ゆきあわせた	2-2																							
ゆきくれる	ゆきくれた	2-2																							
おとろえる	おとろえた	2-2																							
かぶせる	かぶせた	2-2																							
さける	さけた	2-2																							
うらづける	うらづけた	2-2																							
ほめたたえる	ほめたたえた	2-2																							
みあげる	みあげた	2-2																							
みさげる	みさげた	2-2																							
みわける	みわけた	2-2																							
みきれる	みきれた	2-2																							
みそめる	みそめた	2-2																							
みえる	みえた	2-2																							
みかける	みかけた	2-2																							
みせつける	みせつけた	2-2																							
みうける	みうけた	2-2																							
みあわせる	みあわせた	2-2																							
みとがめる	みとがめた	2-2																							
みさだめる	みさだめた	2-2																							
みとどける	みとどけた	2-2																							
みわすれる	みわすれた	2-2																							
みぬける	みぬけた	2-2																							
みすてる	みすてた	2-2																							
みすえる	みすえた	2-2																							
みきわめる	みきわめた	2-2																							
みくらべる	みくらべた	2-2																							
みたてる	みたてた	2-2																							
みおぼえる	みおぼえた	2-2																							
みそれる	みそれた	2-2																							
みちがえる	みちがえた	2-2																							
さめる	さめた	2-2																							
おぼえる	おぼえた	2-2																							
かどだてる	かどだてた	2-2																							
とける	とけた	2-2																							
ほぐれる	ほぐれた	2-2																							
いいまるめる	いいまるめた	2-2																							
ことづける	ことづけた	2-2																							
いいふせる	いいふせた	2-2																							
いいつたえる	いいつたえた	2-2																							
いえる	いえた	2-2																							
いいつける	いいつけた	2-2																							
いいくるめる	いいくるめた	2-2																							
いいあわせる	いいあわせた	2-2																							
いいふくめる	いいふくめた	2-2																							
いいひろめる	いいひろめた	2-2																							
いいあてる	いいあてた	2-2																							
いいぬける	いいぬけた	2-2																							
いいかえる	いいかえた	2-2																							
いいそえる	いいそえた	2-2																							
いいたてる	いいたてた	2-2																							
いいきかせる	いいきかせた	2-2																							
いいまける	いいまけた	2-2																							
いいこめる	いいこめた	2-2																							
いいちがえる	いいちがえた	2-2																							
おとずれる	おとずれた	2-2																							
しつらえる	しつらえた	2-2																							
うったえでる	うったえでた	2-2																							
うったえる	うったえた	2-2																							
うったえかける	うったえかけた	2-2																							
もうでる	もうでた	2-2																							
つめる	つめた	2-2																							
つめあわせる	つめあわせた	2-2																							
つめかける	つめかけた	2-2																							
つめかえる	つめかえた	2-2																							
はなせる	はなせた	2-2																							
はなしかける	はなしかけた	2-2																							
あつらえる	あつらえた	2-2																							
みとめる	みとめた	2-2																							
さそいかける	さそいかけた	2-2																							
かたりつたえる	かたりつたえた	2-2																							
かたりかける	かたりかけた	2-2																							
ときふせる	ときふせた	2-2																							
ときわける	ときわけた	2-2																							
ときつける	ときつけた	2-2																							
ときすすめる	ときすすめた	2-2																							
よみあげる	よみあげた	2-2																							
よみつける	よみつけた	2-2																							
よみあわせる	よみあわせた	2-2																							
よみかける	よみかけた	2-2																							
よみかえる	よみかえた	2-2																							
よみきかせる	よみきかせた	2-2																							
よみちがえる	よみちがえた	2-2																							
しらべあげる	しらべあげた	2-2																							
しらべる	しらべた	2-2																							
こいうける	こいうけた	2-2																							
いさめる	いさめた	2-2																							
ゆずりうける	ゆずりうけた	2-2																							
せめつける	せめつけた	2-2																							
ためる	ためた	2-2																							
もらえる	もらえた	2-2																							
おとしめる	おとしめた	2-2																							
かいあげる	かいあげた	2-2																							
かいあたえる	かいあたえた	2-2																							
かいつける	かいつけた	2-2																							
かいいれる	かいいれた	2-2																							
かいしめる	かいしめた	2-2																							
かいうける	かいうけた	2-2																							
かいかえる	かいかえた	2-2																							
かいあつめる	かいあつめた	2-2																							
かしさげる	かしさげた	2-2																							
かしつける	かしつけた	2-2																							
ついえる	ついえた	2-2																							
はりつける	はりつけた	2-2																							
はりあわせる	はりあわせた	2-2																							
あかめる	あかめた	2-2																							
あからめる	あからめた	2-2																							
あかちゃける	あかちゃけた	2-2																							
はしりぬける	はしりぬけた	2-2																							
あとづける	あとづけた	2-2																							
はねあげる	はねあげた	2-2																							
はねのける	はねのけた	2-2																							
ふみいれる	ふみいれた	2-2																							
ふみわける	ふみわけた	2-2																							
ふまえる	ふまえた	2-2																							
ふみしめる	ふみしめた	2-2																							
ふみこたえる	ふみこたえた	2-2																							
ふみかためる	ふみかためた	2-2																							
ふみかえる	ふみかえた	2-2																							
ふみこえる	ふみこえた	2-2																							
ふみちがえる	ふみちがえた	2-2																							
よろける	よろけた	2-2																							
けりあげる	けりあげた	2-2																							
けあげる	けあげた	2-2																							
けたてる	けたてた	2-2																							
おどりでる	おどりでた	2-2																							
みもだえる	みもだえた	2-2																							
みがまえる	みがまえた	2-2																							
こける	こけた	2-2																							
ころげる	ころげた	2-2																							
はずかしめる	はずかしめた	2-2																							
やりこめる	やりこめた	2-2																							
こめる	こめた	2-2																							
むかえいれる	むかえいれた	2-2																							
むかえる	むかえた	2-2																							
ちかづける	ちかづけた	2-2																							
ちかよせる	ちかよせた	2-2																							
のべたてる	のべたてた	2-2																							
おいかける	おいかけた	2-2																							
おいもとめる	おいもとめた	2-2																							
おいたてる	おいたてた	2-2																							
おいつめる	おいつめた	2-2																							
しりぞける	しりぞけた	2-2																							
おくりつける	おくりつけた	2-2																							
おくりとどける	おくりとどけた	2-2																							
のがれる	のがれた	2-2																							
にげる	にげた	2-2																							
さかだてる	さかだてた	2-2																							
すける	すけた	2-2																							
とぎれる	とぎれた	2-2																							
とぎらせる	とぎらせた	2-2																							
とだえる	とだえた	2-2																							
かよいつめる	かよいつめた	2-2																							
とおりあわせる	とおりあわせた	2-2																							
とおりぬける	とおりぬけた	2-2																							
つらねる	つらねた	2-2																							
すすみでる	すすみでた	2-2																							
それる	それた	2-2																							
やりとげる	やりとげた	2-2																							
しとげる	しとげた	2-2																							
とげる	とげた	2-2																							
おくれる	おくれた	2-2																							
あそびほうける	あそびほうけた	2-2																							
はこびいれる	はこびいれた	2-2																							
どうける	どうけた	2-2																							
ちがえる	ちがえた	2-2																							
とおざける	とおざけた	2-2																							
やっつける	やっつけた	2-2																							
よりわける	よりわけた	2-2																							
よいつぶれる	よいつぶれた	2-2																							
かさねる	かさねた	2-2																							
かさねあわせる	かさねあわせた	2-2																							
たまげる	たまげた	2-2																							
きたえあげる	きたえあげた	2-2																							
きたえる	きたえた	2-2																							
とじこめる	とじこめた	2-2																							
ひらける	ひらけた	2-2																							
あけひろげる	あけひろげた	2-2																							
まちがえる	まちがえた	2-2																							
ふりこめる	ふりこめた	2-2																							
おとしいれる	おとしいれた	2-2																							
ひねる	ひねた	2-2																							
へだてる	へだてた	2-2																							
かくれる	かくれた	2-2																							
となりあわせる	となりあわせた	2-2																							
あつめる	あつめた	2-2																							
やといいれる	やといいれた	2-2																							
なだれる	なだれた	2-2																							
ふるえる	ふるえた	2-2																							
おりまぜる	おりまぜた	2-2																							
あおざめる	あおざめた	2-2																							
いただける	いただけた	2-2																							
うなだれる	うなだれた	2-2																							
あずけいれる	あずけいれた	2-2																							
あずける	あずけた	2-2																							
かおあわせる	かおあわせた	2-2																							
ねがいさげる	ねがいさげた	2-2																							
ねがいでる	ねがいでた	2-2																							
たぐえる	たぐえた	2-2																							
しかめる	しかめた	2-2																							
とびでる	とびでた	2-2																							
とびぬける	とびぬけた	2-2																							
とびこえる	とびこえた	2-2																							
とびはねる	とびはねた	2-2																							
とびはなれる	とびはなれた	2-2																							
たべかける	たべかけた	2-2																							
くいとめる	くいとめた	2-2																							
たべくらべる	たべくらべた	2-2																							
くいつめる	くいつめた	2-2																							
こごえる	こごえた	2-2																							
うえる	うえた	2-2																							
のめる	のめた	2-2																							
のみかける	のみかけた	2-2																							
のみつぶれる	のみつぶれた	2-2																							
かざりつける	かざりつけた	2-2																							
かざりたてる	かざりたてた	2-2																							
ばかげる	ばかげた	2-2																							
はせる	はせた	2-2																							
かけつける	かけつけた	2-2																							
かけぬける	かけぬけた	2-2																							
かりたてる	かりたてた	2-2																							
さわぎたてる	さわぎたてた	2-2																							
たかめる	たかめた	2-2																							
くろめる	くろめた	2-2																							
もげる	もげた	2-2																							
きつける	きつけた	2-2																							
はいでる	はいでた	2-2																							
うちいる	うちいった	4-1																							
まじる	まじった	4-1																							
おもいいる	おもいいった	4-1																							
おもいきる	おもいきった	4-1																							
あずかりしる	あずかりしった	4-1																							
のりいる	のりいった	4-1																							
のりきる	のりきった	4-1																							
つけいる	つけいった	4-1																							
なきしきる	なきしきった	4-1																							
かじる	かじった	4-1																							
おどろきいる	おどろきいった	4-1																							
みいる	みいった	4-1																							
たのみいる	たのみいった	4-1																							
とびちる	とびちった	4-1																							
くいいる	くいいった	4-1																							
くいきる	くいきった	4-1																							
くいかじる	くいかじった	4-1																							
さやばしる	さやばしった	4-1																							
にげはしる	にげはしった	4-1																							
たばしる	たばしった	4-1																							
きしる	きしった	4-1																							
こみいる	こみいった	4-1																							
にじる	にじった	4-1																							
ふみきる	ふみきった	4-1																							
ふみにじる	ふみにじった	4-1																							
ひたはしる	ひたはしった	4-1																							
はしる	はしった	4-1																							
そしる	そしった	4-1																							
わびいる	わびいった	4-1																							
なじる	なじった	4-1																							
いいきる	いいきった	4-1																							
みかぎる	みかぎった	4-1																							
みしる	みしった	4-1																							
みくびる	みくびった	4-1																							
みきる	みきった	4-1																							
うらぎる	うらぎった	4-1																							
ほめちぎる	ほめちぎった	4-1																							
ちばしる	ちばしった	4-1																							
まいちる	まいちった	4-1																							
ききいる	ききいった	4-1																							
ききかじる	ききかじった	4-1																							
ききしる	ききしった	4-1																							
ののしる	ののしった	4-1																							
くびる	くびった	4-1																							
しめきる	しめきった	4-1																							
たえいる	たえいった	4-1																							
たちまじる	たちまじった	4-1																							
たちいる	たちいった	4-1																							
たてきる	たてきった	4-1																							
つっぱしる	つっぱしった	4-1																							
つっきる	つっきった	4-1																							
あいしる	あいしった	4-1																							
かんばしる	かんばしった	4-1																							
つかれきる	つかれきった	4-1																							
いたみいる	いたみいった	4-1																							
ぎゅうじる	ぎゅうじった	4-1																							
にきる	にきった	4-1																							
にえたぎる	にえたぎった	4-1																							
やききる	やききった	4-1																							
すみきる	すみきった	4-1																							
みなぎる	みなぎった	4-1																							
たぎる	たぎった	4-1																							
めいる	めいった	4-1																							
すべりいる	すべりいった	4-1																							
きえいる	きえいった	4-1																							
なきいる	なきいった	4-1																							
むしる	むしった	4-1																							
よこぎる	よこぎった	4-1																							
たちきる	たちきった	4-1																							
ちる	ちった	4-1																							
すりきる	すりきった	4-1																							
かききる	かききった	4-1																							
かきむしる	かきむしった	4-1																							
にぎる	にぎった	4-1																							
すじる	すじった	4-1																							
ねじる	ねじった	4-1																							
もじる	もじった	4-1																							
もぎる	もぎった	4-1																							
ふりきる	ふりきった	4-1																							
おしいる	おしいった	4-1																							
おしきる	おしきった	4-1																							
こじる	こじった	4-1																							
さいばしる	さいばしった	4-1																							
うちきる	うちきった	4-1																							
ぐちる	ぐちった	4-1																							
かんじいる	かんじいった	4-1																							
おそれいる	おそれいった	4-1																							
はじいる	はじいった	4-1																							
おもいしる	おもいしった	4-1																							
しのびいる	しのびいった	4-1																							
はりきる	はりきった	4-1																							
ひきちぎる	ひきちぎった	4-1																							
ひききる	ひききった	4-1																							
いじる	いじった	4-1																							
ふうきる	ふうきった	4-1																							
よりきる	よりきった	4-1																							
かみきる	かみきった	4-1																							
あじわいしる	あじわいしった	4-1																							
ふっきる	ふっきった	4-1																							
くちばしる	くちばしった	4-1																							
たたききる	たたききった	4-1																							
とりいる	とりいった	4-1																							
ちぎる	ちぎった	4-1																							
くぎる	くぎった	4-1																							
わりきる	わりきった	4-1																							
ちょんぎる	ちょんぎった	4-1																							
ねじきる	ねじきった	4-1																							
わけいる	わけいった	4-1																							
いりまじる	いりまじった	4-1																							
はいる	はいった	4-1																							
さきばしる	さきばしった	4-1																							
かりきる	かりきった	4-1																							
ねぎる	ねぎった	4-1																							
おちいる	おちいった	4-1																							
ふりしきる	ふりしきった	4-1																							
まぎる	まぎった	4-1																							
やじる	やじった	4-1																							
さえぎる	さえぎった	4-1																							
かしきる	かしきった	4-1																							
あぶらぎる	あぶらぎった	4-1																							
あまがける	あまがけった	4-2																							
はねかえる	はねかえった	4-2																							
にげかえる	にげかえった	4-2																							
ひっくりかえる	ひっくりかえった	4-2																							
あきれかえる	あきれかえった	4-2																							
ける	けった	4-2																							
よみふける	よみふけった	4-2																							
みかえる	みかえった	4-2																							
うらがえる	うらがえった	4-2																							
よみがえる	よみがえった	4-2																							
しげる	しげった	4-2																							
ひるがえる	ひるがえった	4-2																							
おさまりかえる	おさまりかえった	4-2																							
せる	せった	4-2																							
たちかえる	たちかえった	4-2																							
すりへる	すりへった	4-2																							
おいしげる	おいしげった	4-2																							
いきかえる	いきかえった	4-2																							
にえかえる	にえかえった	4-2																							
あせる	あせった	4-2																							
ほてる	ほてった	4-2																							
わきかえる	わきかえった	4-2																							
まがりくねる	まがりくねった	4-2																							
せせる	せせった	4-2																							
つねる	つねった	4-2																							
おもいふける	おもいふけった	4-2																							
ねがえる	ねがえった	4-2																							
ねそべる	ねそべった	4-2																							
あざける	あざけった	4-2																							
むせかえる	むせかえった	4-2																							
しゃべる	しゃべった	4-2																							
そりかえる	そりかえった	4-2																							
われかえる	われかえった	4-2																							
さえかえる	さえかえった	4-2																							
はべる	はべった	4-2																							
かげる	かげった	4-2																							
わかがえる	わかがえった	4-2																							
いく	いった	4-3																							
